Mechanism,Mechanism key,Target,Case,Accuracy,Accuracy_sd,Precision,Precision_sd,Recall,Recall_sd,F1,F1_sd,AUC,AUC_sd
Additive nonlinear,additive_sine,Outcome ancestors,Case 1,0.65,0.07905694150420949,0.6458333333333333,0.06588078458684124,1.0,0.0,0.7832167832167832,0.04422765958277451,0.5333333333333333,0.10540925533894599
Additive nonlinear,additive_sine,Outcome ancestors,Case 2,0.888888888888889,0.0,0.888888888888889,0.0,1.0,0.0,0.9411764705882353,0.0,0.5,0.0
Additive nonlinear,additive_sine,Outcome ancestors,Case 3,0.5857142857142856,0.04517539514526258,0.6714285714285714,0.015058465048420904,0.8200000000000001,0.06324555320336758,0.7378787878787878,0.033539308516937365,0.41000000000000003,0.03162277660168379
Additive nonlinear,additive_sine,Outcome ancestors,Case 4,0.8571428571428571,0.15058465048420852,0.8571428571428571,0.15058465048420852,1.0,0.0,0.9166666666666666,0.08784104611578836,0.75,0.26352313834736496
Additive nonlinear,additive_sine,Root sources,Case 1,0.8125,0.10622957319984969,0.425,0.2559477666619876,0.9,0.31622776601683794,0.5566666666666666,0.25582111805799856,0.85,0.15954157683572337
Additive nonlinear,additive_sine,Root sources,Case 2,0.9222222222222222,0.13907395078161922,0.75,0.42491829279939874,0.8,0.4216370213557839,0.7666666666666666,0.41722185234485754,0.86875,0.2609577711686957
Additive nonlinear,additive_sine,Root sources,Case 3,0.6714285714285715,0.06900655593423545,0.2583333333333333,0.138610832776385,0.8,0.4216370213557839,0.39,0.20789954839350236,0.725,0.20805537012304448
Additive nonlinear,additive_sine,Root sources,Case 4,0.6571428571428571,0.09988655696858587,0.5916666666666666,0.09976824997815537,0.7,0.10540925533894598,0.6380952380952382,0.09035079029052508,0.6625,0.09712296520581719
Heteroscedastic noise,heteroscedastic,Outcome ancestors,Case 1,0.625,0.0,0.625,0.0,1.0,0.0,0.7692307692307693,0.0,0.5,0.0
Heteroscedastic noise,heteroscedastic,Outcome ancestors,Case 2,0.5555555555555556,0.18144368465060579,0.8238888888888889,0.03865006029094683,0.625,0.2041241452319315,0.6998868778280543,0.1372484791230879,0.3125,0.10206207261596575
Heteroscedastic noise,heteroscedastic,Outcome ancestors,Case 3,0.6285714285714286,0.07377111135633174,0.6857142857142857,0.024590370452110606,0.8800000000000001,0.10327955589886444,0.7696969696969697,0.05476946146151906,0.44000000000000006,0.05163977794943222
Heteroscedastic noise,heteroscedastic,Outcome ancestors,Case 4,0.7428571428571429,0.09035079029052513,0.7428571428571429,0.09035079029052513,1.0,0.0,0.85,0.05270462766947302,0.55,0.15811388300841897
Heteroscedastic noise,heteroscedastic,Root sources,Case 1,0.6625,0.10290907529357057,0.2866666666666667,0.08527370601933285,1.0,0.0,0.44000000000000006,0.0940186480058052,0.8071428571428572,0.05880518588204035
Heteroscedastic noise,heteroscedastic,Root sources,Case 2,0.888888888888889,0.052378280087892415,0.5,0.23570226039551584,0.9,0.31622776601683794,0.6333333333333333,0.24595492912420727,0.89375,0.1615087286942859
Heteroscedastic noise,heteroscedastic,Root sources,Case 3,0.6,0.06023386019368344,0.26666666666666666,0.03513641844631532,1.0,0.0,0.42000000000000004,0.042163702135578386,0.7666666666666667,0.03513641844631535
Heteroscedastic noise,heteroscedastic,Root sources,Case 4,0.7142857142857143,0.06734350297014736,0.6116666666666666,0.06287848363075961,0.9333333333333333,0.1405456737852613,0.7345238095238095,0.07296625298090939,0.7416666666666667,0.0702728368926307
Interaction nonlinearity,interaction,Outcome ancestors,Case 1,0.65,0.07905694150420949,0.6458333333333333,0.06588078458684125,1.0,0.0,0.7832167832167832,0.04422765958277451,0.5333333333333333,0.10540925533894599
Interaction nonlinearity,interaction,Outcome ancestors,Case 2,0.888888888888889,0.0,0.888888888888889,0.0,1.0,0.0,0.9411764705882353,0.0,0.5,0.0
Interaction nonlinearity,interaction,Outcome ancestors,Case 3,0.6285714285714286,0.07377111135633176,0.6857142857142857,0.024590370452110606,0.8800000000000001,0.10327955589886444,0.7696969696969697,0.05476946146151905,0.44000000000000006,0.05163977794943222
Interaction nonlinearity,interaction,Outcome ancestors,Case 4,0.9571428571428571,0.09642122253007898,0.9547619047619047,0.09941248425474118,1.0,0.0,0.9742424242424242,0.05716225784614512,0.925,0.1687371394276382
Interaction nonlinearity,interaction,Root sources,Case 1,0.8375,0.0843685697138191,0.45,0.24907235301622105,0.9,0.31622776601683794,0.5833333333333333,0.2515384760593727,0.8642857142857142,0.15954157683572337
Interaction nonlinearity,interaction,Root sources,Case 2,0.9333333333333333,0.1405456737852613,0.8,0.4216370213557839,0.8,0.4216370213557839,0.8,0.4216370213557839,0.875,0.26352313834736496
Interaction nonlinearity,interaction,Root sources,Case 3,0.6857142857142857,0.060233860193683424,0.29166666666666663,0.10577462647033206,0.9,0.31622776601683794,0.44000000000000006,0.1577621275493231,0.775,0.15738017193572548
Interaction nonlinearity,interaction,Root sources,Case 4,0.6857142857142857,0.060233860193683424,0.6333333333333333,0.07027283689263064,0.6666666666666666,0.0,0.6476190476190476,0.0401559067957889,0.6833333333333333,0.05270462766947304
Multiplicative noise,multiplicative,Outcome ancestors,Case 1,0.7,0.12076147288491197,0.6880952380952381,0.09054230388689528,0.9800000000000001,0.06324555320336757,0.8061771561771561,0.07327131746523709,0.6066666666666667,0.14973227135931572
Multiplicative noise,multiplicative,Outcome ancestors,Case 2,0.6444444444444445,0.08764562641629062,0.8678571428571429,0.04898825194289197,0.7125,0.11858541225631423,0.775952380952381,0.07093480127374735,0.40625,0.12926743381240474
Multiplicative noise,multiplicative,Outcome ancestors,Case 3,0.6428571428571429,0.0752923252421043,0.719047619047619,0.10151286955758403,0.86,0.13498971154211056,0.7719696969696969,0.05326427461929164,0.48,0.12292725943057185
Multiplicative noise,multiplicative,Outcome ancestors,Case 4,0.7,0.04517539514526258,0.7095238095238094,0.015058465048420894,0.9800000000000001,0.06324555320336758,0.8227272727272726,0.03353930851693737,0.49000000000000005,0.03162277660168379
Multiplicative noise,multiplicative,Root sources,Case 1,0.775,0.05270462766947301,0.36666666666666664,0.07027283689263066,1.0,0.0,0.5333333333333333,0.07027283689263064,0.8714285714285716,0.03011693009684171
Multiplicative noise,multiplicative,Root sources,Case 2,0.888888888888889,0.0,0.5,0.0,1.0,0.0,0.6666666666666666,0.0,0.9375,0.0
Multiplicative noise,multiplicative,Root sources,Case 3,0.6142857142857142,0.06900655593423545,0.275,0.040253824294970646,1.0,0.0,0.43,0.04830458915396477,0.775,0.04025382429497066
Multiplicative noise,multiplicative,Root sources,Case 4,0.8571428571428571,0.0,0.75,0.0,1.0,0.0,0.8571428571428571,0.0,0.875,0.0
