Mechanism,Mechanism key,Case,case_id,repeat,Target,True set,Predicted set,accuracy,precision,recall,f1,auc,tp,fp,fn,tn
Additive nonlinear,additive_sine,Case 1,1,0,Outcome ancestors,"X1, X2, X3, X4, X5","X1, X2, X3, X4, X5, X6, X7, X8",0.625,0.625,1.0,0.7692307692307693,0.5,5.0,3.0,0.0,0.0
Additive nonlinear,additive_sine,Case 1,1,0,Root sources,X3,"X3, X8",0.875,0.5,1.0,0.6666666666666666,0.9285714285714286,1.0,1.0,0.0,6.0
Additive nonlinear,additive_sine,Case 1,1,1,Outcome ancestors,"X1, X2, X3, X4, X5","X1, X2, X3, X4, X5, X6, X7, X8",0.625,0.625,1.0,0.7692307692307693,0.5,5.0,3.0,0.0,0.0
Additive nonlinear,additive_sine,Case 1,1,1,Root sources,X3,"X2, X3, X7",0.75,0.3333333333333333,1.0,0.5,0.8571428571428572,1.0,2.0,0.0,5.0
Additive nonlinear,additive_sine,Case 1,1,2,Outcome ancestors,"X1, X2, X3, X4, X5","X1, X2, X3, X4, X5, X6, X7, X8",0.625,0.625,1.0,0.7692307692307693,0.5,5.0,3.0,0.0,0.0
Additive nonlinear,additive_sine,Case 1,1,2,Root sources,X3,"X3, X8",0.875,0.5,1.0,0.6666666666666666,0.9285714285714286,1.0,1.0,0.0,6.0
Additive nonlinear,additive_sine,Case 1,1,3,Outcome ancestors,"X1, X2, X3, X4, X5","X1, X2, X3, X4, X5, X6, X7, X8",0.625,0.625,1.0,0.7692307692307693,0.5,5.0,3.0,0.0,0.0
Additive nonlinear,additive_sine,Case 1,1,3,Root sources,X3,X8,0.75,0.0,0.0,0.0,0.4285714285714286,0.0,1.0,1.0,6.0
Additive nonlinear,additive_sine,Case 1,1,4,Outcome ancestors,"X1, X2, X3, X4, X5","X1, X2, X3, X4, X5, X6, X7, X8",0.625,0.625,1.0,0.7692307692307693,0.5,5.0,3.0,0.0,0.0
Additive nonlinear,additive_sine,Case 1,1,4,Root sources,X3,"X3, X8",0.875,0.5,1.0,0.6666666666666666,0.9285714285714286,1.0,1.0,0.0,6.0
Additive nonlinear,additive_sine,Case 1,1,5,Outcome ancestors,"X1, X2, X3, X4, X5","X1, X2, X3, X4, X5, X6, X7, X8",0.625,0.625,1.0,0.7692307692307693,0.5,5.0,3.0,0.0,0.0
Additive nonlinear,additive_sine,Case 1,1,5,Root sources,X3,"X2, X3, X7, X8",0.625,0.25,1.0,0.4,0.7857142857142857,1.0,3.0,0.0,4.0
Additive nonlinear,additive_sine,Case 1,1,6,Outcome ancestors,"X1, X2, X3, X4, X5","X1, X2, X3, X4, X5, X6, X7, X8",0.625,0.625,1.0,0.7692307692307693,0.5,5.0,3.0,0.0,0.0
Additive nonlinear,additive_sine,Case 1,1,6,Root sources,X3,"X2, X3, X8",0.75,0.3333333333333333,1.0,0.5,0.8571428571428572,1.0,2.0,0.0,5.0
Additive nonlinear,additive_sine,Case 1,1,7,Outcome ancestors,"X1, X2, X3, X4, X5","X1, X2, X3, X4, X5, X6, X7, X8",0.625,0.625,1.0,0.7692307692307693,0.5,5.0,3.0,0.0,0.0
Additive nonlinear,additive_sine,Case 1,1,7,Root sources,X3,"X2, X3, X8",0.75,0.3333333333333333,1.0,0.5,0.8571428571428572,1.0,2.0,0.0,5.0
Additive nonlinear,additive_sine,Case 1,1,8,Outcome ancestors,"X1, X2, X3, X4, X5","X1, X2, X3, X4, X5, X6, X7, X8",0.625,0.625,1.0,0.7692307692307693,0.5,5.0,3.0,0.0,0.0
Additive nonlinear,additive_sine,Case 1,1,8,Root sources,X3,"X3, X8",0.875,0.5,1.0,0.6666666666666666,0.9285714285714286,1.0,1.0,0.0,6.0
Additive nonlinear,additive_sine,Case 1,1,9,Outcome ancestors,"X1, X2, X3, X4, X5","X1, X2, X3, X4, X5, X8",0.875,0.8333333333333334,1.0,0.9090909090909091,0.8333333333333334,5.0,1.0,0.0,2.0
Additive nonlinear,additive_sine,Case 1,1,9,Root sources,X3,X3,1.0,1.0,1.0,1.0,1.0,1.0,0.0,0.0,7.0
Additive nonlinear,additive_sine,Case 2,2,0,Outcome ancestors,"X1, X2, X3, X4, X5, X6, X7, X8","X1, X2, X3, X4, X5, X6, X7, X8, X9",0.8888888888888888,0.8888888888888888,1.0,0.9411764705882353,0.5,8.0,1.0,0.0,0.0
Additive nonlinear,additive_sine,Case 2,2,0,Root sources,X3,X3,1.0,1.0,1.0,1.0,1.0,1.0,0.0,0.0,8.0
Additive nonlinear,additive_sine,Case 2,2,1,Outcome ancestors,"X1, X2, X3, X4, X5, X6, X7, X8","X1, X2, X3, X4, X5, X6, X7, X8, X9",0.8888888888888888,0.8888888888888888,1.0,0.9411764705882353,0.5,8.0,1.0,0.0,0.0
Additive nonlinear,additive_sine,Case 2,2,1,Root sources,X3,"X2, X5",0.6666666666666666,0.0,0.0,0.0,0.375,0.0,2.0,1.0,6.0
Additive nonlinear,additive_sine,Case 2,2,2,Outcome ancestors,"X1, X2, X3, X4, X5, X6, X7, X8","X1, X2, X3, X4, X5, X6, X7, X8, X9",0.8888888888888888,0.8888888888888888,1.0,0.9411764705882353,0.5,8.0,1.0,0.0,0.0
Additive nonlinear,additive_sine,Case 2,2,2,Root sources,X3,X3,1.0,1.0,1.0,1.0,1.0,1.0,0.0,0.0,8.0
Additive nonlinear,additive_sine,Case 2,2,3,Outcome ancestors,"X1, X2, X3, X4, X5, X6, X7, X8","X1, X2, X3, X4, X5, X6, X7, X8, X9",0.8888888888888888,0.8888888888888888,1.0,0.9411764705882353,0.5,8.0,1.0,0.0,0.0
Additive nonlinear,additive_sine,Case 2,2,3,Root sources,X3,X3,1.0,1.0,1.0,1.0,1.0,1.0,0.0,0.0,8.0
Additive nonlinear,additive_sine,Case 2,2,4,Outcome ancestors,"X1, X2, X3, X4, X5, X6, X7, X8","X1, X2, X3, X4, X5, X6, X7, X8, X9",0.8888888888888888,0.8888888888888888,1.0,0.9411764705882353,0.5,8.0,1.0,0.0,0.0
Additive nonlinear,additive_sine,Case 2,2,4,Root sources,X3,"X2, X3",0.8888888888888888,0.5,1.0,0.6666666666666666,0.9375,1.0,1.0,0.0,7.0
Additive nonlinear,additive_sine,Case 2,2,5,Outcome ancestors,"X1, X2, X3, X4, X5, X6, X7, X8","X1, X2, X3, X4, X5, X6, X7, X8, X9",0.8888888888888888,0.8888888888888888,1.0,0.9411764705882353,0.5,8.0,1.0,0.0,0.0
Additive nonlinear,additive_sine,Case 2,2,5,Root sources,X3,"X2, X5",0.6666666666666666,0.0,0.0,0.0,0.375,0.0,2.0,1.0,6.0
Additive nonlinear,additive_sine,Case 2,2,6,Outcome ancestors,"X1, X2, X3, X4, X5, X6, X7, X8","X1, X2, X3, X4, X5, X6, X7, X8, X9",0.8888888888888888,0.8888888888888888,1.0,0.9411764705882353,0.5,8.0,1.0,0.0,0.0
Additive nonlinear,additive_sine,Case 2,2,6,Root sources,X3,X3,1.0,1.0,1.0,1.0,1.0,1.0,0.0,0.0,8.0
Additive nonlinear,additive_sine,Case 2,2,7,Outcome ancestors,"X1, X2, X3, X4, X5, X6, X7, X8","X1, X2, X3, X4, X5, X6, X7, X8, X9",0.8888888888888888,0.8888888888888888,1.0,0.9411764705882353,0.5,8.0,1.0,0.0,0.0
Additive nonlinear,additive_sine,Case 2,2,7,Root sources,X3,X3,1.0,1.0,1.0,1.0,1.0,1.0,0.0,0.0,8.0
Additive nonlinear,additive_sine,Case 2,2,8,Outcome ancestors,"X1, X2, X3, X4, X5, X6, X7, X8","X1, X2, X3, X4, X5, X6, X7, X8, X9",0.8888888888888888,0.8888888888888888,1.0,0.9411764705882353,0.5,8.0,1.0,0.0,0.0
Additive nonlinear,additive_sine,Case 2,2,8,Root sources,X3,X3,1.0,1.0,1.0,1.0,1.0,1.0,0.0,0.0,8.0
Additive nonlinear,additive_sine,Case 2,2,9,Outcome ancestors,"X1, X2, X3, X4, X5, X6, X7, X8","X1, X2, X3, X4, X5, X6, X7, X8, X9",0.8888888888888888,0.8888888888888888,1.0,0.9411764705882353,0.5,8.0,1.0,0.0,0.0
Additive nonlinear,additive_sine,Case 2,2,9,Root sources,X3,X3,1.0,1.0,1.0,1.0,1.0,1.0,0.0,0.0,8.0
Additive nonlinear,additive_sine,Case 3,3,0,Outcome ancestors,"X1, X2, X3, X4, X5","X1, X3, X4, X5, X6, X7",0.5714285714285714,0.6666666666666666,0.8,0.7272727272727272,0.4,4.0,2.0,1.0,0.0
Additive nonlinear,additive_sine,Case 3,3,0,Root sources,X3,"X3, X6, X7",0.7142857142857143,0.3333333333333333,1.0,0.5,0.8333333333333334,1.0,2.0,0.0,4.0
Additive nonlinear,additive_sine,Case 3,3,1,Outcome ancestors,"X1, X2, X3, X4, X5","X1, X2, X3, X4, X5, X6, X7",0.7142857142857143,0.7142857142857143,1.0,0.8333333333333333,0.5,5.0,2.0,0.0,0.0
Additive nonlinear,additive_sine,Case 3,3,1,Root sources,X3,"X3, X6, X7",0.7142857142857143,0.3333333333333333,1.0,0.5,0.8333333333333334,1.0,2.0,0.0,4.0
Additive nonlinear,additive_sine,Case 3,3,2,Outcome ancestors,"X1, X2, X3, X4, X5","X1, X3, X4, X5, X6, X7",0.5714285714285714,0.6666666666666666,0.8,0.7272727272727272,0.4,4.0,2.0,1.0,0.0
Additive nonlinear,additive_sine,Case 3,3,2,Root sources,X3,"X2, X3, X6, X7",0.5714285714285714,0.25,1.0,0.4,0.75,1.0,3.0,0.0,3.0
Additive nonlinear,additive_sine,Case 3,3,3,Outcome ancestors,"X1, X2, X3, X4, X5","X1, X3, X4, X5, X6, X7",0.5714285714285714,0.6666666666666666,0.8,0.7272727272727272,0.4,4.0,2.0,1.0,0.0
Additive nonlinear,additive_sine,Case 3,3,3,Root sources,X3,"X3, X6, X7",0.7142857142857143,0.3333333333333333,1.0,0.5,0.8333333333333334,1.0,2.0,0.0,4.0
Additive nonlinear,additive_sine,Case 3,3,4,Outcome ancestors,"X1, X2, X3, X4, X5","X1, X3, X4, X5, X6, X7",0.5714285714285714,0.6666666666666666,0.8,0.7272727272727272,0.4,4.0,2.0,1.0,0.0
Additive nonlinear,additive_sine,Case 3,3,4,Root sources,X3,"X6, X7",0.5714285714285714,0.0,0.0,0.0,0.33333333333333337,0.0,2.0,1.0,4.0
Additive nonlinear,additive_sine,Case 3,3,5,Outcome ancestors,"X1, X2, X3, X4, X5","X1, X3, X4, X5, X6, X7",0.5714285714285714,0.6666666666666666,0.8,0.7272727272727272,0.4,4.0,2.0,1.0,0.0
Additive nonlinear,additive_sine,Case 3,3,5,Root sources,X3,"X3, X6, X7",0.7142857142857143,0.3333333333333333,1.0,0.5,0.8333333333333334,1.0,2.0,0.0,4.0
Additive nonlinear,additive_sine,Case 3,3,6,Outcome ancestors,"X1, X2, X3, X4, X5","X1, X3, X4, X5, X6, X7",0.5714285714285714,0.6666666666666666,0.8,0.7272727272727272,0.4,4.0,2.0,1.0,0.0
Additive nonlinear,additive_sine,Case 3,3,6,Root sources,X3,"X3, X6, X7",0.7142857142857143,0.3333333333333333,1.0,0.5,0.8333333333333334,1.0,2.0,0.0,4.0
Additive nonlinear,additive_sine,Case 3,3,7,Outcome ancestors,"X1, X2, X3, X4, X5","X1, X3, X4, X5, X6, X7",0.5714285714285714,0.6666666666666666,0.8,0.7272727272727272,0.4,4.0,2.0,1.0,0.0
Additive nonlinear,additive_sine,Case 3,3,7,Root sources,X3,"X3, X6, X7",0.7142857142857143,0.3333333333333333,1.0,0.5,0.8333333333333334,1.0,2.0,0.0,4.0
Additive nonlinear,additive_sine,Case 3,3,8,Outcome ancestors,"X1, X2, X3, X4, X5","X1, X3, X4, X5, X6, X7",0.5714285714285714,0.6666666666666666,0.8,0.7272727272727272,0.4,4.0,2.0,1.0,0.0
Additive nonlinear,additive_sine,Case 3,3,8,Root sources,X3,"X6, X7",0.5714285714285714,0.0,0.0,0.0,0.33333333333333337,0.0,2.0,1.0,4.0
Additive nonlinear,additive_sine,Case 3,3,9,Outcome ancestors,"X1, X2, X3, X4, X5","X1, X3, X4, X5, X6, X7",0.5714285714285714,0.6666666666666666,0.8,0.7272727272727272,0.4,4.0,2.0,1.0,0.0
Additive nonlinear,additive_sine,Case 3,3,9,Root sources,X3,"X3, X6, X7",0.7142857142857143,0.3333333333333333,1.0,0.5,0.8333333333333334,1.0,2.0,0.0,4.0
Additive nonlinear,additive_sine,Case 4,4,0,Outcome ancestors,"X1, X2, X3, X4, X5","X1, X2, X3, X4, X5, X6, X7",0.7142857142857143,0.7142857142857143,1.0,0.8333333333333333,0.5,5.0,2.0,0.0,0.0
Additive nonlinear,additive_sine,Case 4,4,0,Root sources,"X2, X3, X4","X1, X3, X4, X7",0.5714285714285714,0.5,0.6666666666666666,0.5714285714285715,0.5833333333333333,2.0,2.0,1.0,2.0
Additive nonlinear,additive_sine,Case 4,4,1,Outcome ancestors,"X1, X2, X3, X4, X5","X1, X2, X3, X4, X5, X6, X7",0.7142857142857143,0.7142857142857143,1.0,0.8333333333333333,0.5,5.0,2.0,0.0,0.0
Additive nonlinear,additive_sine,Case 4,4,1,Root sources,"X2, X3, X4","X1, X3, X4, X7",0.5714285714285714,0.5,0.6666666666666666,0.5714285714285715,0.5833333333333333,2.0,2.0,1.0,2.0
Additive nonlinear,additive_sine,Case 4,4,2,Outcome ancestors,"X1, X2, X3, X4, X5","X1, X2, X3, X4, X5",1.0,1.0,1.0,1.0,1.0,5.0,0.0,0.0,2.0
Additive nonlinear,additive_sine,Case 4,4,2,Root sources,"X2, X3, X4","X1, X3, X4",0.7142857142857143,0.6666666666666666,0.6666666666666666,0.6666666666666666,0.7083333333333334,2.0,1.0,1.0,3.0
Additive nonlinear,additive_sine,Case 4,4,3,Outcome ancestors,"X1, X2, X3, X4, X5","X1, X2, X3, X4, X5",1.0,1.0,1.0,1.0,1.0,5.0,0.0,0.0,2.0
Additive nonlinear,additive_sine,Case 4,4,3,Root sources,"X2, X3, X4","X1, X3, X4",0.7142857142857143,0.6666666666666666,0.6666666666666666,0.6666666666666666,0.7083333333333334,2.0,1.0,1.0,3.0
Additive nonlinear,additive_sine,Case 4,4,4,Outcome ancestors,"X1, X2, X3, X4, X5","X1, X2, X3, X4, X5",1.0,1.0,1.0,1.0,1.0,5.0,0.0,0.0,2.0
Additive nonlinear,additive_sine,Case 4,4,4,Root sources,"X2, X3, X4","X1, X3, X4",0.7142857142857143,0.6666666666666666,0.6666666666666666,0.6666666666666666,0.7083333333333334,2.0,1.0,1.0,3.0
Additive nonlinear,additive_sine,Case 4,4,5,Outcome ancestors,"X1, X2, X3, X4, X5","X1, X2, X3, X4, X5, X6, X7",0.7142857142857143,0.7142857142857143,1.0,0.8333333333333333,0.5,5.0,2.0,0.0,0.0
Additive nonlinear,additive_sine,Case 4,4,5,Root sources,"X2, X3, X4","X1, X3, X4, X7",0.5714285714285714,0.5,0.6666666666666666,0.5714285714285715,0.5833333333333333,2.0,2.0,1.0,2.0
Additive nonlinear,additive_sine,Case 4,4,6,Outcome ancestors,"X1, X2, X3, X4, X5","X1, X2, X3, X4, X5, X6, X7",0.7142857142857143,0.7142857142857143,1.0,0.8333333333333333,0.5,5.0,2.0,0.0,0.0
Additive nonlinear,additive_sine,Case 4,4,6,Root sources,"X2, X3, X4","X1, X3, X4, X7",0.5714285714285714,0.5,0.6666666666666666,0.5714285714285715,0.5833333333333333,2.0,2.0,1.0,2.0
Additive nonlinear,additive_sine,Case 4,4,7,Outcome ancestors,"X1, X2, X3, X4, X5","X1, X2, X3, X4, X5",1.0,1.0,1.0,1.0,1.0,5.0,0.0,0.0,2.0
Additive nonlinear,additive_sine,Case 4,4,7,Root sources,"X2, X3, X4","X1, X3, X4",0.7142857142857143,0.6666666666666666,0.6666666666666666,0.6666666666666666,0.7083333333333334,2.0,1.0,1.0,3.0
Additive nonlinear,additive_sine,Case 4,4,8,Outcome ancestors,"X1, X2, X3, X4, X5","X1, X2, X3, X4, X5",1.0,1.0,1.0,1.0,1.0,5.0,0.0,0.0,2.0
Additive nonlinear,additive_sine,Case 4,4,8,Root sources,"X2, X3, X4","X1, X2, X3, X4",0.8571428571428571,0.75,1.0,0.8571428571428571,0.875,3.0,1.0,0.0,3.0
Additive nonlinear,additive_sine,Case 4,4,9,Outcome ancestors,"X1, X2, X3, X4, X5","X1, X2, X3, X4, X5, X6, X7",0.7142857142857143,0.7142857142857143,1.0,0.8333333333333333,0.5,5.0,2.0,0.0,0.0
Additive nonlinear,additive_sine,Case 4,4,9,Root sources,"X2, X3, X4","X1, X3, X4, X7",0.5714285714285714,0.5,0.6666666666666666,0.5714285714285715,0.5833333333333333,2.0,2.0,1.0,2.0
Multiplicative noise,multiplicative,Case 1,1,0,Outcome ancestors,"X1, X2, X3, X4, X5","X1, X2, X3, X4, X5, X6, X7, X8",0.625,0.625,1.0,0.7692307692307693,0.5,5.0,3.0,0.0,0.0
Multiplicative noise,multiplicative,Case 1,1,0,Root sources,X3,"X2, X3, X8",0.75,0.3333333333333333,1.0,0.5,0.8571428571428572,1.0,2.0,0.0,5.0
Multiplicative noise,multiplicative,Case 1,1,1,Outcome ancestors,"X1, X2, X3, X4, X5","X1, X2, X3, X4, X5, X6, X7, X8",0.625,0.625,1.0,0.7692307692307693,0.5,5.0,3.0,0.0,0.0
Multiplicative noise,multiplicative,Case 1,1,1,Root sources,X3,"X2, X3, X8",0.75,0.3333333333333333,1.0,0.5,0.8571428571428572,1.0,2.0,0.0,5.0
Multiplicative noise,multiplicative,Case 1,1,2,Outcome ancestors,"X1, X2, X3, X4, X5","X1, X2, X3, X4, X5, X7, X8",0.75,0.7142857142857143,1.0,0.8333333333333333,0.6666666666666667,5.0,2.0,0.0,1.0
Multiplicative noise,multiplicative,Case 1,1,2,Root sources,X3,"X2, X3",0.875,0.5,1.0,0.6666666666666666,0.9285714285714286,1.0,1.0,0.0,6.0
Multiplicative noise,multiplicative,Case 1,1,3,Outcome ancestors,"X1, X2, X3, X4, X5","X1, X2, X3, X4, X5, X6, X7, X8",0.625,0.625,1.0,0.7692307692307693,0.5,5.0,3.0,0.0,0.0
Multiplicative noise,multiplicative,Case 1,1,3,Root sources,X3,"X2, X3, X8",0.75,0.3333333333333333,1.0,0.5,0.8571428571428572,1.0,2.0,0.0,5.0
Multiplicative noise,multiplicative,Case 1,1,4,Outcome ancestors,"X1, X2, X3, X4, X5","X1, X2, X3, X4, X5, X7, X8",0.75,0.7142857142857143,1.0,0.8333333333333333,0.6666666666666667,5.0,2.0,0.0,1.0
Multiplicative noise,multiplicative,Case 1,1,4,Root sources,X3,"X2, X3, X8",0.75,0.3333333333333333,1.0,0.5,0.8571428571428572,1.0,2.0,0.0,5.0
Multiplicative noise,multiplicative,Case 1,1,5,Outcome ancestors,"X1, X2, X3, X4, X5","X1, X2, X3, X4, X5, X7",0.875,0.8333333333333334,1.0,0.9090909090909091,0.8333333333333334,5.0,1.0,0.0,2.0
Multiplicative noise,multiplicative,Case 1,1,5,Root sources,X3,"X2, X3, X7",0.75,0.3333333333333333,1.0,0.5,0.8571428571428572,1.0,2.0,0.0,5.0
Multiplicative noise,multiplicative,Case 1,1,6,Outcome ancestors,"X1, X2, X3, X4, X5","X1, X2, X3, X4, X5, X6, X7, X8",0.625,0.625,1.0,0.7692307692307693,0.5,5.0,3.0,0.0,0.0
Multiplicative noise,multiplicative,Case 1,1,6,Root sources,X3,"X2, X3, X8",0.75,0.3333333333333333,1.0,0.5,0.8571428571428572,1.0,2.0,0.0,5.0
Multiplicative noise,multiplicative,Case 1,1,7,Outcome ancestors,"X1, X2, X3, X4, X5","X1, X2, X3, X4, X5, X7, X8",0.75,0.7142857142857143,1.0,0.8333333333333333,0.6666666666666667,5.0,2.0,0.0,1.0
Multiplicative noise,multiplicative,Case 1,1,7,Root sources,X3,"X2, X3, X8",0.75,0.3333333333333333,1.0,0.5,0.8571428571428572,1.0,2.0,0.0,5.0
Multiplicative noise,multiplicative,Case 1,1,8,Outcome ancestors,"X1, X2, X3, X4, X5","X1, X2, X3, X4, X6, X7, X8",0.5,0.5714285714285714,0.8,0.6666666666666666,0.4,4.0,3.0,1.0,0.0
Multiplicative noise,multiplicative,Case 1,1,8,Root sources,X3,"X2, X3, X8",0.75,0.3333333333333333,1.0,0.5,0.8571428571428572,1.0,2.0,0.0,5.0
Multiplicative noise,multiplicative,Case 1,1,9,Outcome ancestors,"X1, X2, X3, X4, X5","X1, X2, X3, X4, X5, X7",0.875,0.8333333333333334,1.0,0.9090909090909091,0.8333333333333334,5.0,1.0,0.0,2.0
Multiplicative noise,multiplicative,Case 1,1,9,Root sources,X3,"X2, X3",0.875,0.5,1.0,0.6666666666666666,0.9285714285714286,1.0,1.0,0.0,6.0
Multiplicative noise,multiplicative,Case 2,2,0,Outcome ancestors,"X1, X2, X3, X4, X5, X6, X7, X8","X1, X2, X3, X4, X6, X7, X8, X9",0.7777777777777778,0.875,0.875,0.875,0.4375,7.0,1.0,1.0,0.0
Multiplicative noise,multiplicative,Case 2,2,0,Root sources,X3,"X2, X3",0.8888888888888888,0.5,1.0,0.6666666666666666,0.9375,1.0,1.0,0.0,7.0
Multiplicative noise,multiplicative,Case 2,2,1,Outcome ancestors,"X1, X2, X3, X4, X5, X6, X7, X8","X1, X2, X4, X6, X7, X8, X9",0.6666666666666666,0.8571428571428571,0.75,0.7999999999999999,0.375,6.0,1.0,2.0,0.0
Multiplicative noise,multiplicative,Case 2,2,1,Root sources,X3,"X2, X3",0.8888888888888888,0.5,1.0,0.6666666666666666,0.9375,1.0,1.0,0.0,7.0
Multiplicative noise,multiplicative,Case 2,2,2,Outcome ancestors,"X1, X2, X3, X4, X5, X6, X7, X8","X1, X4, X7, X8",0.5555555555555556,1.0,0.5,0.6666666666666666,0.75,4.0,0.0,4.0,1.0
Multiplicative noise,multiplicative,Case 2,2,2,Root sources,X3,"X2, X3",0.8888888888888888,0.5,1.0,0.6666666666666666,0.9375,1.0,1.0,0.0,7.0
Multiplicative noise,multiplicative,Case 2,2,3,Outcome ancestors,"X1, X2, X3, X4, X5, X6, X7, X8","X1, X2, X4, X6, X7, X8, X9",0.6666666666666666,0.8571428571428571,0.75,0.7999999999999999,0.375,6.0,1.0,2.0,0.0
Multiplicative noise,multiplicative,Case 2,2,3,Root sources,X3,"X2, X3",0.8888888888888888,0.5,1.0,0.6666666666666666,0.9375,1.0,1.0,0.0,7.0
Multiplicative noise,multiplicative,Case 2,2,4,Outcome ancestors,"X1, X2, X3, X4, X5, X6, X7, X8","X1, X2, X4, X6, X7, X8, X9",0.6666666666666666,0.8571428571428571,0.75,0.7999999999999999,0.375,6.0,1.0,2.0,0.0
Multiplicative noise,multiplicative,Case 2,2,4,Root sources,X3,"X2, X3",0.8888888888888888,0.5,1.0,0.6666666666666666,0.9375,1.0,1.0,0.0,7.0
Multiplicative noise,multiplicative,Case 2,2,5,Outcome ancestors,"X1, X2, X3, X4, X5, X6, X7, X8","X1, X2, X4, X6, X7, X8, X9",0.6666666666666666,0.8571428571428571,0.75,0.7999999999999999,0.375,6.0,1.0,2.0,0.0
Multiplicative noise,multiplicative,Case 2,2,5,Root sources,X3,"X2, X3",0.8888888888888888,0.5,1.0,0.6666666666666666,0.9375,1.0,1.0,0.0,7.0
Multiplicative noise,multiplicative,Case 2,2,6,Outcome ancestors,"X1, X2, X3, X4, X5, X6, X7, X8","X1, X2, X3, X4, X6, X7, X8, X9",0.7777777777777778,0.875,0.875,0.875,0.4375,7.0,1.0,1.0,0.0
Multiplicative noise,multiplicative,Case 2,2,6,Root sources,X3,"X2, X3",0.8888888888888888,0.5,1.0,0.6666666666666666,0.9375,1.0,1.0,0.0,7.0
Multiplicative noise,multiplicative,Case 2,2,7,Outcome ancestors,"X1, X2, X3, X4, X5, X6, X7, X8","X1, X2, X6, X7, X8, X9",0.5555555555555556,0.8333333333333334,0.625,0.7142857142857143,0.3125,5.0,1.0,3.0,0.0
Multiplicative noise,multiplicative,Case 2,2,7,Root sources,X3,"X2, X3",0.8888888888888888,0.5,1.0,0.6666666666666666,0.9375,1.0,1.0,0.0,7.0
Multiplicative noise,multiplicative,Case 2,2,8,Outcome ancestors,"X1, X2, X3, X4, X5, X6, X7, X8","X1, X4, X6, X7, X8, X9",0.5555555555555556,0.8333333333333334,0.625,0.7142857142857143,0.3125,5.0,1.0,3.0,0.0
Multiplicative noise,multiplicative,Case 2,2,8,Root sources,X3,"X2, X3",0.8888888888888888,0.5,1.0,0.6666666666666666,0.9375,1.0,1.0,0.0,7.0
Multiplicative noise,multiplicative,Case 2,2,9,Outcome ancestors,"X1, X2, X3, X4, X5, X6, X7, X8","X1, X4, X6, X7, X8, X9",0.5555555555555556,0.8333333333333334,0.625,0.7142857142857143,0.3125,5.0,1.0,3.0,0.0
Multiplicative noise,multiplicative,Case 2,2,9,Root sources,X3,"X2, X3",0.8888888888888888,0.5,1.0,0.6666666666666666,0.9375,1.0,1.0,0.0,7.0
Multiplicative noise,multiplicative,Case 3,3,0,Outcome ancestors,"X1, X2, X3, X4, X5","X1, X3, X4, X5, X6, X7",0.5714285714285714,0.6666666666666666,0.8,0.7272727272727272,0.4,4.0,2.0,1.0,0.0
Multiplicative noise,multiplicative,Case 3,3,0,Root sources,X3,"X2, X3, X6, X7",0.5714285714285714,0.25,1.0,0.4,0.75,1.0,3.0,0.0,3.0
Multiplicative noise,multiplicative,Case 3,3,1,Outcome ancestors,"X1, X2, X3, X4, X5","X1, X3, X4, X5, X6, X7",0.5714285714285714,0.6666666666666666,0.8,0.7272727272727272,0.4,4.0,2.0,1.0,0.0
Multiplicative noise,multiplicative,Case 3,3,1,Root sources,X3,"X2, X3, X6, X7",0.5714285714285714,0.25,1.0,0.4,0.75,1.0,3.0,0.0,3.0
Multiplicative noise,multiplicative,Case 3,3,2,Outcome ancestors,"X1, X2, X3, X4, X5","X1, X2, X4, X5, X6, X7",0.5714285714285714,0.6666666666666666,0.8,0.7272727272727272,0.4,4.0,2.0,1.0,0.0
Multiplicative noise,multiplicative,Case 3,3,2,Root sources,X3,"X2, X3, X6, X7",0.5714285714285714,0.25,1.0,0.4,0.75,1.0,3.0,0.0,3.0
Multiplicative noise,multiplicative,Case 3,3,3,Outcome ancestors,"X1, X2, X3, X4, X5","X1, X3, X4, X5, X6, X7",0.5714285714285714,0.6666666666666666,0.8,0.7272727272727272,0.4,4.0,2.0,1.0,0.0
Multiplicative noise,multiplicative,Case 3,3,3,Root sources,X3,"X2, X3, X6, X7",0.5714285714285714,0.25,1.0,0.4,0.75,1.0,3.0,0.0,3.0
Multiplicative noise,multiplicative,Case 3,3,4,Outcome ancestors,"X1, X2, X3, X4, X5","X1, X2, X3, X4, X5, X6, X7",0.7142857142857143,0.7142857142857143,1.0,0.8333333333333333,0.5,5.0,2.0,0.0,0.0
Multiplicative noise,multiplicative,Case 3,3,4,Root sources,X3,"X2, X3, X7",0.7142857142857143,0.3333333333333333,1.0,0.5,0.8333333333333334,1.0,2.0,0.0,4.0
Multiplicative noise,multiplicative,Case 3,3,5,Outcome ancestors,"X1, X2, X3, X4, X5","X1, X2, X3, X4, X5, X6, X7",0.7142857142857143,0.7142857142857143,1.0,0.8333333333333333,0.5,5.0,2.0,0.0,0.0
Multiplicative noise,multiplicative,Case 3,3,5,Root sources,X3,"X2, X3, X6, X7",0.5714285714285714,0.25,1.0,0.4,0.75,1.0,3.0,0.0,3.0
Multiplicative noise,multiplicative,Case 3,3,6,Outcome ancestors,"X1, X2, X3, X4, X5","X1, X3, X4, X5, X6, X7",0.5714285714285714,0.6666666666666666,0.8,0.7272727272727272,0.4,4.0,2.0,1.0,0.0
Multiplicative noise,multiplicative,Case 3,3,6,Root sources,X3,"X2, X3, X6, X7",0.5714285714285714,0.25,1.0,0.4,0.75,1.0,3.0,0.0,3.0
Multiplicative noise,multiplicative,Case 3,3,7,Outcome ancestors,"X1, X2, X3, X4, X5","X1, X2, X3, X4, X5, X6, X7",0.7142857142857143,0.7142857142857143,1.0,0.8333333333333333,0.5,5.0,2.0,0.0,0.0
Multiplicative noise,multiplicative,Case 3,3,7,Root sources,X3,"X2, X3, X7",0.7142857142857143,0.3333333333333333,1.0,0.5,0.8333333333333334,1.0,2.0,0.0,4.0
Multiplicative noise,multiplicative,Case 3,3,8,Outcome ancestors,"X1, X2, X3, X4, X5","X1, X2, X3, X4, X5, X6, X7",0.7142857142857143,0.7142857142857143,1.0,0.8333333333333333,0.5,5.0,2.0,0.0,0.0
Multiplicative noise,multiplicative,Case 3,3,8,Root sources,X3,"X2, X3, X6, X7",0.5714285714285714,0.25,1.0,0.4,0.75,1.0,3.0,0.0,3.0
Multiplicative noise,multiplicative,Case 3,3,9,Outcome ancestors,"X1, X2, X3, X4, X5","X1, X4, X5",0.7142857142857143,1.0,0.6,0.7499999999999999,0.8,3.0,0.0,2.0,2.0
Multiplicative noise,multiplicative,Case 3,3,9,Root sources,X3,"X2, X3, X7",0.7142857142857143,0.3333333333333333,1.0,0.5,0.8333333333333334,1.0,2.0,0.0,4.0
Multiplicative noise,multiplicative,Case 4,4,0,Outcome ancestors,"X1, X2, X3, X4, X5","X1, X2, X3, X4, X5, X6, X7",0.7142857142857143,0.7142857142857143,1.0,0.8333333333333333,0.5,5.0,2.0,0.0,0.0
Multiplicative noise,multiplicative,Case 4,4,0,Root sources,"X2, X3, X4","X1, X2, X3, X4",0.8571428571428571,0.75,1.0,0.8571428571428571,0.875,3.0,1.0,0.0,3.0
Multiplicative noise,multiplicative,Case 4,4,1,Outcome ancestors,"X1, X2, X3, X4, X5","X1, X2, X3, X4, X5, X6, X7",0.7142857142857143,0.7142857142857143,1.0,0.8333333333333333,0.5,5.0,2.0,0.0,0.0
Multiplicative noise,multiplicative,Case 4,4,1,Root sources,"X2, X3, X4","X1, X2, X3, X4",0.8571428571428571,0.75,1.0,0.8571428571428571,0.875,3.0,1.0,0.0,3.0
Multiplicative noise,multiplicative,Case 4,4,2,Outcome ancestors,"X1, X2, X3, X4, X5","X1, X2, X3, X4, X6, X7",0.5714285714285714,0.6666666666666666,0.8,0.7272727272727272,0.4,4.0,2.0,1.0,0.0
Multiplicative noise,multiplicative,Case 4,4,2,Root sources,"X2, X3, X4","X1, X2, X3, X4",0.8571428571428571,0.75,1.0,0.8571428571428571,0.875,3.0,1.0,0.0,3.0
Multiplicative noise,multiplicative,Case 4,4,3,Outcome ancestors,"X1, X2, X3, X4, X5","X1, X2, X3, X4, X5, X6, X7",0.7142857142857143,0.7142857142857143,1.0,0.8333333333333333,0.5,5.0,2.0,0.0,0.0
Multiplicative noise,multiplicative,Case 4,4,3,Root sources,"X2, X3, X4","X1, X2, X3, X4",0.8571428571428571,0.75,1.0,0.8571428571428571,0.875,3.0,1.0,0.0,3.0
Multiplicative noise,multiplicative,Case 4,4,4,Outcome ancestors,"X1, X2, X3, X4, X5","X1, X2, X3, X4, X5, X6, X7",0.7142857142857143,0.7142857142857143,1.0,0.8333333333333333,0.5,5.0,2.0,0.0,0.0
Multiplicative noise,multiplicative,Case 4,4,4,Root sources,"X2, X3, X4","X1, X2, X3, X4",0.8571428571428571,0.75,1.0,0.8571428571428571,0.875,3.0,1.0,0.0,3.0
Multiplicative noise,multiplicative,Case 4,4,5,Outcome ancestors,"X1, X2, X3, X4, X5","X1, X2, X3, X4, X5, X6, X7",0.7142857142857143,0.7142857142857143,1.0,0.8333333333333333,0.5,5.0,2.0,0.0,0.0
Multiplicative noise,multiplicative,Case 4,4,5,Root sources,"X2, X3, X4","X1, X2, X3, X4",0.8571428571428571,0.75,1.0,0.8571428571428571,0.875,3.0,1.0,0.0,3.0
Multiplicative noise,multiplicative,Case 4,4,6,Outcome ancestors,"X1, X2, X3, X4, X5","X1, X2, X3, X4, X5, X6, X7",0.7142857142857143,0.7142857142857143,1.0,0.8333333333333333,0.5,5.0,2.0,0.0,0.0
Multiplicative noise,multiplicative,Case 4,4,6,Root sources,"X2, X3, X4","X1, X2, X3, X4",0.8571428571428571,0.75,1.0,0.8571428571428571,0.875,3.0,1.0,0.0,3.0
Multiplicative noise,multiplicative,Case 4,4,7,Outcome ancestors,"X1, X2, X3, X4, X5","X1, X2, X3, X4, X5, X6, X7",0.7142857142857143,0.7142857142857143,1.0,0.8333333333333333,0.5,5.0,2.0,0.0,0.0
Multiplicative noise,multiplicative,Case 4,4,7,Root sources,"X2, X3, X4","X1, X2, X3, X4",0.8571428571428571,0.75,1.0,0.8571428571428571,0.875,3.0,1.0,0.0,3.0
Multiplicative noise,multiplicative,Case 4,4,8,Outcome ancestors,"X1, X2, X3, X4, X5","X1, X2, X3, X4, X5, X6, X7",0.7142857142857143,0.7142857142857143,1.0,0.8333333333333333,0.5,5.0,2.0,0.0,0.0
Multiplicative noise,multiplicative,Case 4,4,8,Root sources,"X2, X3, X4","X1, X2, X3, X4",0.8571428571428571,0.75,1.0,0.8571428571428571,0.875,3.0,1.0,0.0,3.0
Multiplicative noise,multiplicative,Case 4,4,9,Outcome ancestors,"X1, X2, X3, X4, X5","X1, X2, X3, X4, X5, X6, X7",0.7142857142857143,0.7142857142857143,1.0,0.8333333333333333,0.5,5.0,2.0,0.0,0.0
Multiplicative noise,multiplicative,Case 4,4,9,Root sources,"X2, X3, X4","X1, X2, X3, X4",0.8571428571428571,0.75,1.0,0.8571428571428571,0.875,3.0,1.0,0.0,3.0
Heteroscedastic noise,heteroscedastic,Case 1,1,0,Outcome ancestors,"X1, X2, X3, X4, X5","X1, X2, X3, X4, X5, X6, X7, X8",0.625,0.625,1.0,0.7692307692307693,0.5,5.0,3.0,0.0,0.0
Heteroscedastic noise,heteroscedastic,Case 1,1,0,Root sources,X3,"X3, X8",0.875,0.5,1.0,0.6666666666666666,0.9285714285714286,1.0,1.0,0.0,6.0
Heteroscedastic noise,heteroscedastic,Case 1,1,1,Outcome ancestors,"X1, X2, X3, X4, X5","X1, X2, X3, X4, X5, X6, X7, X8",0.625,0.625,1.0,0.7692307692307693,0.5,5.0,3.0,0.0,0.0
Heteroscedastic noise,heteroscedastic,Case 1,1,1,Root sources,X3,"X2, X3, X7, X8",0.625,0.25,1.0,0.4,0.7857142857142857,1.0,3.0,0.0,4.0
Heteroscedastic noise,heteroscedastic,Case 1,1,2,Outcome ancestors,"X1, X2, X3, X4, X5","X1, X2, X3, X4, X5, X6, X7, X8",0.625,0.625,1.0,0.7692307692307693,0.5,5.0,3.0,0.0,0.0
Heteroscedastic noise,heteroscedastic,Case 1,1,2,Root sources,X3,"X2, X3, X7, X8",0.625,0.25,1.0,0.4,0.7857142857142857,1.0,3.0,0.0,4.0
Heteroscedastic noise,heteroscedastic,Case 1,1,3,Outcome ancestors,"X1, X2, X3, X4, X5","X1, X2, X3, X4, X5, X6, X7, X8",0.625,0.625,1.0,0.7692307692307693,0.5,5.0,3.0,0.0,0.0
Heteroscedastic noise,heteroscedastic,Case 1,1,3,Root sources,X3,"X2, X3, X8",0.75,0.3333333333333333,1.0,0.5,0.8571428571428572,1.0,2.0,0.0,5.0
Heteroscedastic noise,heteroscedastic,Case 1,1,4,Outcome ancestors,"X1, X2, X3, X4, X5","X1, X2, X3, X4, X5, X6, X7, X8",0.625,0.625,1.0,0.7692307692307693,0.5,5.0,3.0,0.0,0.0
Heteroscedastic noise,heteroscedastic,Case 1,1,4,Root sources,X3,"X2, X3, X7",0.75,0.3333333333333333,1.0,0.5,0.8571428571428572,1.0,2.0,0.0,5.0
Heteroscedastic noise,heteroscedastic,Case 1,1,5,Outcome ancestors,"X1, X2, X3, X4, X5","X1, X2, X3, X4, X5, X6, X7, X8",0.625,0.625,1.0,0.7692307692307693,0.5,5.0,3.0,0.0,0.0
Heteroscedastic noise,heteroscedastic,Case 1,1,5,Root sources,X3,"X2, X3, X7, X8",0.625,0.25,1.0,0.4,0.7857142857142857,1.0,3.0,0.0,4.0
Heteroscedastic noise,heteroscedastic,Case 1,1,6,Outcome ancestors,"X1, X2, X3, X4, X5","X1, X2, X3, X4, X5, X6, X7, X8",0.625,0.625,1.0,0.7692307692307693,0.5,5.0,3.0,0.0,0.0
Heteroscedastic noise,heteroscedastic,Case 1,1,6,Root sources,X3,"X2, X3, X7, X8",0.625,0.25,1.0,0.4,0.7857142857142857,1.0,3.0,0.0,4.0
Heteroscedastic noise,heteroscedastic,Case 1,1,7,Outcome ancestors,"X1, X2, X3, X4, X5","X1, X2, X3, X4, X5, X6, X7, X8",0.625,0.625,1.0,0.7692307692307693,0.5,5.0,3.0,0.0,0.0
Heteroscedastic noise,heteroscedastic,Case 1,1,7,Root sources,X3,"X2, X3, X7, X8",0.625,0.25,1.0,0.4,0.7857142857142857,1.0,3.0,0.0,4.0
Heteroscedastic noise,heteroscedastic,Case 1,1,8,Outcome ancestors,"X1, X2, X3, X4, X5","X1, X2, X3, X4, X5, X6, X7, X8",0.625,0.625,1.0,0.7692307692307693,0.5,5.0,3.0,0.0,0.0
Heteroscedastic noise,heteroscedastic,Case 1,1,8,Root sources,X3,"X2, X3, X7, X8",0.625,0.25,1.0,0.4,0.7857142857142857,1.0,3.0,0.0,4.0
Heteroscedastic noise,heteroscedastic,Case 1,1,9,Outcome ancestors,"X1, X2, X3, X4, X5","X1, X2, X3, X4, X5, X6, X7, X8",0.625,0.625,1.0,0.7692307692307693,0.5,5.0,3.0,0.0,0.0
Heteroscedastic noise,heteroscedastic,Case 1,1,9,Root sources,X3,"X2, X3, X5, X7, X8",0.5,0.2,1.0,0.33333333333333337,0.7142857142857143,1.0,4.0,0.0,3.0
Heteroscedastic noise,heteroscedastic,Case 2,2,0,Outcome ancestors,"X1, X2, X3, X4, X5, X6, X7, X8","X1, X4, X7, X8, X9",0.4444444444444444,0.8,0.5,0.6153846153846154,0.25,4.0,1.0,4.0,0.0
Heteroscedastic noise,heteroscedastic,Case 2,2,0,Root sources,X3,"X2, X3",0.8888888888888888,0.5,1.0,0.6666666666666666,0.9375,1.0,1.0,0.0,7.0
Heteroscedastic noise,heteroscedastic,Case 2,2,1,Outcome ancestors,"X1, X2, X3, X4, X5, X6, X7, X8","X1, X2, X3, X4, X5, X7, X8, X9",0.7777777777777778,0.875,0.875,0.875,0.4375,7.0,1.0,1.0,0.0
Heteroscedastic noise,heteroscedastic,Case 2,2,1,Root sources,X3,"X2, X3",0.8888888888888888,0.5,1.0,0.6666666666666666,0.9375,1.0,1.0,0.0,7.0
Heteroscedastic noise,heteroscedastic,Case 2,2,2,Outcome ancestors,"X1, X2, X3, X4, X5, X6, X7, X8","X1, X2, X3, X4, X5, X7, X8, X9",0.7777777777777778,0.875,0.875,0.875,0.4375,7.0,1.0,1.0,0.0
Heteroscedastic noise,heteroscedastic,Case 2,2,2,Root sources,X3,"X2, X3",0.8888888888888888,0.5,1.0,0.6666666666666666,0.9375,1.0,1.0,0.0,7.0
Heteroscedastic noise,heteroscedastic,Case 2,2,3,Outcome ancestors,"X1, X2, X3, X4, X5, X6, X7, X8","X1, X2, X3, X4, X5, X6, X7, X8, X9",0.8888888888888888,0.8888888888888888,1.0,0.9411764705882353,0.5,8.0,1.0,0.0,0.0
Heteroscedastic noise,heteroscedastic,Case 2,2,3,Root sources,X3,X2,0.7777777777777778,0.0,0.0,0.0,0.4375,0.0,1.0,1.0,7.0
Heteroscedastic noise,heteroscedastic,Case 2,2,4,Outcome ancestors,"X1, X2, X3, X4, X5, X6, X7, X8","X1, X4, X7, X8, X9",0.4444444444444444,0.8,0.5,0.6153846153846154,0.25,4.0,1.0,4.0,0.0
Heteroscedastic noise,heteroscedastic,Case 2,2,4,Root sources,X3,"X2, X3",0.8888888888888888,0.5,1.0,0.6666666666666666,0.9375,1.0,1.0,0.0,7.0
Heteroscedastic noise,heteroscedastic,Case 2,2,5,Outcome ancestors,"X1, X2, X3, X4, X5, X6, X7, X8","X1, X4, X7, X8, X9",0.4444444444444444,0.8,0.5,0.6153846153846154,0.25,4.0,1.0,4.0,0.0
Heteroscedastic noise,heteroscedastic,Case 2,2,5,Root sources,X3,X3,1.0,1.0,1.0,1.0,1.0,1.0,0.0,0.0,8.0
Heteroscedastic noise,heteroscedastic,Case 2,2,6,Outcome ancestors,"X1, X2, X3, X4, X5, X6, X7, X8","X1, X4, X7, X8, X9",0.4444444444444444,0.8,0.5,0.6153846153846154,0.25,4.0,1.0,4.0,0.0
Heteroscedastic noise,heteroscedastic,Case 2,2,6,Root sources,X3,"X2, X3",0.8888888888888888,0.5,1.0,0.6666666666666666,0.9375,1.0,1.0,0.0,7.0
Heteroscedastic noise,heteroscedastic,Case 2,2,7,Outcome ancestors,"X1, X2, X3, X4, X5, X6, X7, X8","X1, X4, X7, X8, X9",0.4444444444444444,0.8,0.5,0.6153846153846154,0.25,4.0,1.0,4.0,0.0
Heteroscedastic noise,heteroscedastic,Case 2,2,7,Root sources,X3,"X2, X3",0.8888888888888888,0.5,1.0,0.6666666666666666,0.9375,1.0,1.0,0.0,7.0
Heteroscedastic noise,heteroscedastic,Case 2,2,8,Outcome ancestors,"X1, X2, X3, X4, X5, X6, X7, X8","X1, X4, X7, X8, X9",0.4444444444444444,0.8,0.5,0.6153846153846154,0.25,4.0,1.0,4.0,0.0
Heteroscedastic noise,heteroscedastic,Case 2,2,8,Root sources,X3,"X2, X3",0.8888888888888888,0.5,1.0,0.6666666666666666,0.9375,1.0,1.0,0.0,7.0
Heteroscedastic noise,heteroscedastic,Case 2,2,9,Outcome ancestors,"X1, X2, X3, X4, X5, X6, X7, X8","X1, X4, X7, X8, X9",0.4444444444444444,0.8,0.5,0.6153846153846154,0.25,4.0,1.0,4.0,0.0
Heteroscedastic noise,heteroscedastic,Case 2,2,9,Root sources,X3,"X2, X3",0.8888888888888888,0.5,1.0,0.6666666666666666,0.9375,1.0,1.0,0.0,7.0
Heteroscedastic noise,heteroscedastic,Case 3,3,0,Outcome ancestors,"X1, X2, X3, X4, X5","X1, X2, X3, X4, X5, X6, X7",0.7142857142857143,0.7142857142857143,1.0,0.8333333333333333,0.5,5.0,2.0,0.0,0.0
Heteroscedastic noise,heteroscedastic,Case 3,3,0,Root sources,X3,"X2, X3, X6, X7",0.5714285714285714,0.25,1.0,0.4,0.75,1.0,3.0,0.0,3.0
Heteroscedastic noise,heteroscedastic,Case 3,3,1,Outcome ancestors,"X1, X2, X3, X4, X5","X1, X3, X4, X5, X6, X7",0.5714285714285714,0.6666666666666666,0.8,0.7272727272727272,0.4,4.0,2.0,1.0,0.0
Heteroscedastic noise,heteroscedastic,Case 3,3,1,Root sources,X3,"X2, X3, X6, X7",0.5714285714285714,0.25,1.0,0.4,0.75,1.0,3.0,0.0,3.0
Heteroscedastic noise,heteroscedastic,Case 3,3,2,Outcome ancestors,"X1, X2, X3, X4, X5","X1, X2, X3, X4, X5, X6, X7",0.7142857142857143,0.7142857142857143,1.0,0.8333333333333333,0.5,5.0,2.0,0.0,0.0
Heteroscedastic noise,heteroscedastic,Case 3,3,2,Root sources,X3,"X3, X6, X7",0.7142857142857143,0.3333333333333333,1.0,0.5,0.8333333333333334,1.0,2.0,0.0,4.0
Heteroscedastic noise,heteroscedastic,Case 3,3,3,Outcome ancestors,"X1, X2, X3, X4, X5","X1, X2, X3, X4, X5, X6, X7",0.7142857142857143,0.7142857142857143,1.0,0.8333333333333333,0.5,5.0,2.0,0.0,0.0
Heteroscedastic noise,heteroscedastic,Case 3,3,3,Root sources,X3,"X2, X3, X6, X7",0.5714285714285714,0.25,1.0,0.4,0.75,1.0,3.0,0.0,3.0
Heteroscedastic noise,heteroscedastic,Case 3,3,4,Outcome ancestors,"X1, X2, X3, X4, X5","X1, X2, X3, X4, X5, X6, X7",0.7142857142857143,0.7142857142857143,1.0,0.8333333333333333,0.5,5.0,2.0,0.0,0.0
Heteroscedastic noise,heteroscedastic,Case 3,3,4,Root sources,X3,"X2, X3, X6, X7",0.5714285714285714,0.25,1.0,0.4,0.75,1.0,3.0,0.0,3.0
Heteroscedastic noise,heteroscedastic,Case 3,3,5,Outcome ancestors,"X1, X2, X3, X4, X5","X1, X3, X4, X5, X6, X7",0.5714285714285714,0.6666666666666666,0.8,0.7272727272727272,0.4,4.0,2.0,1.0,0.0
Heteroscedastic noise,heteroscedastic,Case 3,3,5,Root sources,X3,"X2, X3, X6, X7",0.5714285714285714,0.25,1.0,0.4,0.75,1.0,3.0,0.0,3.0
Heteroscedastic noise,heteroscedastic,Case 3,3,6,Outcome ancestors,"X1, X2, X3, X4, X5","X1, X3, X4, X5, X6, X7",0.5714285714285714,0.6666666666666666,0.8,0.7272727272727272,0.4,4.0,2.0,1.0,0.0
Heteroscedastic noise,heteroscedastic,Case 3,3,6,Root sources,X3,"X2, X3, X6, X7",0.5714285714285714,0.25,1.0,0.4,0.75,1.0,3.0,0.0,3.0
Heteroscedastic noise,heteroscedastic,Case 3,3,7,Outcome ancestors,"X1, X2, X3, X4, X5","X1, X3, X4, X5, X6, X7",0.5714285714285714,0.6666666666666666,0.8,0.7272727272727272,0.4,4.0,2.0,1.0,0.0
Heteroscedastic noise,heteroscedastic,Case 3,3,7,Root sources,X3,"X3, X6, X7",0.7142857142857143,0.3333333333333333,1.0,0.5,0.8333333333333334,1.0,2.0,0.0,4.0
Heteroscedastic noise,heteroscedastic,Case 3,3,8,Outcome ancestors,"X1, X2, X3, X4, X5","X1, X3, X4, X5, X6, X7",0.5714285714285714,0.6666666666666666,0.8,0.7272727272727272,0.4,4.0,2.0,1.0,0.0
Heteroscedastic noise,heteroscedastic,Case 3,3,8,Root sources,X3,"X2, X3, X6, X7",0.5714285714285714,0.25,1.0,0.4,0.75,1.0,3.0,0.0,3.0
Heteroscedastic noise,heteroscedastic,Case 3,3,9,Outcome ancestors,"X1, X2, X3, X4, X5","X1, X3, X4, X5, X6, X7",0.5714285714285714,0.6666666666666666,0.8,0.7272727272727272,0.4,4.0,2.0,1.0,0.0
Heteroscedastic noise,heteroscedastic,Case 3,3,9,Root sources,X3,"X2, X3, X6, X7",0.5714285714285714,0.25,1.0,0.4,0.75,1.0,3.0,0.0,3.0
Heteroscedastic noise,heteroscedastic,Case 4,4,0,Outcome ancestors,"X1, X2, X3, X4, X5","X1, X2, X3, X4, X5, X6, X7",0.7142857142857143,0.7142857142857143,1.0,0.8333333333333333,0.5,5.0,2.0,0.0,0.0
Heteroscedastic noise,heteroscedastic,Case 4,4,0,Root sources,"X2, X3, X4","X1, X2, X3, X4, X7",0.7142857142857143,0.6,1.0,0.7499999999999999,0.75,3.0,2.0,0.0,2.0
Heteroscedastic noise,heteroscedastic,Case 4,4,1,Outcome ancestors,"X1, X2, X3, X4, X5","X1, X2, X3, X4, X5, X6, X7",0.7142857142857143,0.7142857142857143,1.0,0.8333333333333333,0.5,5.0,2.0,0.0,0.0
Heteroscedastic noise,heteroscedastic,Case 4,4,1,Root sources,"X2, X3, X4","X1, X2, X3, X4, X7",0.7142857142857143,0.6,1.0,0.7499999999999999,0.75,3.0,2.0,0.0,2.0
Heteroscedastic noise,heteroscedastic,Case 4,4,2,Outcome ancestors,"X1, X2, X3, X4, X5","X1, X2, X3, X4, X5, X6, X7",0.7142857142857143,0.7142857142857143,1.0,0.8333333333333333,0.5,5.0,2.0,0.0,0.0
Heteroscedastic noise,heteroscedastic,Case 4,4,2,Root sources,"X2, X3, X4","X1, X3, X4, X7",0.5714285714285714,0.5,0.6666666666666666,0.5714285714285715,0.5833333333333333,2.0,2.0,1.0,2.0
Heteroscedastic noise,heteroscedastic,Case 4,4,3,Outcome ancestors,"X1, X2, X3, X4, X5","X1, X2, X3, X4, X5, X6, X7",0.7142857142857143,0.7142857142857143,1.0,0.8333333333333333,0.5,5.0,2.0,0.0,0.0
Heteroscedastic noise,heteroscedastic,Case 4,4,3,Root sources,"X2, X3, X4","X1, X2, X3, X4, X7",0.7142857142857143,0.6,1.0,0.7499999999999999,0.75,3.0,2.0,0.0,2.0
Heteroscedastic noise,heteroscedastic,Case 4,4,4,Outcome ancestors,"X1, X2, X3, X4, X5","X1, X2, X3, X4, X5",1.0,1.0,1.0,1.0,1.0,5.0,0.0,0.0,2.0
Heteroscedastic noise,heteroscedastic,Case 4,4,4,Root sources,"X2, X3, X4","X1, X2, X3, X4",0.8571428571428571,0.75,1.0,0.8571428571428571,0.875,3.0,1.0,0.0,3.0
Heteroscedastic noise,heteroscedastic,Case 4,4,5,Outcome ancestors,"X1, X2, X3, X4, X5","X1, X2, X3, X4, X5, X6, X7",0.7142857142857143,0.7142857142857143,1.0,0.8333333333333333,0.5,5.0,2.0,0.0,0.0
Heteroscedastic noise,heteroscedastic,Case 4,4,5,Root sources,"X2, X3, X4","X1, X2, X3, X4, X7",0.7142857142857143,0.6,1.0,0.7499999999999999,0.75,3.0,2.0,0.0,2.0
Heteroscedastic noise,heteroscedastic,Case 4,4,6,Outcome ancestors,"X1, X2, X3, X4, X5","X1, X2, X3, X4, X5, X6, X7",0.7142857142857143,0.7142857142857143,1.0,0.8333333333333333,0.5,5.0,2.0,0.0,0.0
Heteroscedastic noise,heteroscedastic,Case 4,4,6,Root sources,"X2, X3, X4","X1, X2, X3, X4, X7",0.7142857142857143,0.6,1.0,0.7499999999999999,0.75,3.0,2.0,0.0,2.0
Heteroscedastic noise,heteroscedastic,Case 4,4,7,Outcome ancestors,"X1, X2, X3, X4, X5","X1, X2, X3, X4, X5, X6, X7",0.7142857142857143,0.7142857142857143,1.0,0.8333333333333333,0.5,5.0,2.0,0.0,0.0
Heteroscedastic noise,heteroscedastic,Case 4,4,7,Root sources,"X2, X3, X4","X1, X2, X3, X4, X7",0.7142857142857143,0.6,1.0,0.7499999999999999,0.75,3.0,2.0,0.0,2.0
Heteroscedastic noise,heteroscedastic,Case 4,4,8,Outcome ancestors,"X1, X2, X3, X4, X5","X1, X2, X3, X4, X5, X6, X7",0.7142857142857143,0.7142857142857143,1.0,0.8333333333333333,0.5,5.0,2.0,0.0,0.0
Heteroscedastic noise,heteroscedastic,Case 4,4,8,Root sources,"X2, X3, X4","X1, X2, X3, X4, X7",0.7142857142857143,0.6,1.0,0.7499999999999999,0.75,3.0,2.0,0.0,2.0
Heteroscedastic noise,heteroscedastic,Case 4,4,9,Outcome ancestors,"X1, X2, X3, X4, X5","X1, X2, X3, X4, X5, X6, X7",0.7142857142857143,0.7142857142857143,1.0,0.8333333333333333,0.5,5.0,2.0,0.0,0.0
Heteroscedastic noise,heteroscedastic,Case 4,4,9,Root sources,"X2, X3, X4","X1, X3, X4",0.7142857142857143,0.6666666666666666,0.6666666666666666,0.6666666666666666,0.7083333333333334,2.0,1.0,1.0,3.0
Interaction nonlinearity,interaction,Case 1,1,0,Outcome ancestors,"X1, X2, X3, X4, X5","X1, X2, X3, X4, X5, X6, X7, X8",0.625,0.625,1.0,0.7692307692307693,0.5,5.0,3.0,0.0,0.0
Interaction nonlinearity,interaction,Case 1,1,0,Root sources,X3,"X3, X8",0.875,0.5,1.0,0.6666666666666666,0.9285714285714286,1.0,1.0,0.0,6.0
Interaction nonlinearity,interaction,Case 1,1,1,Outcome ancestors,"X1, X2, X3, X4, X5","X1, X2, X3, X4, X5, X6, X7, X8",0.625,0.625,1.0,0.7692307692307693,0.5,5.0,3.0,0.0,0.0
Interaction nonlinearity,interaction,Case 1,1,1,Root sources,X3,"X3, X8",0.875,0.5,1.0,0.6666666666666666,0.9285714285714286,1.0,1.0,0.0,6.0
Interaction nonlinearity,interaction,Case 1,1,2,Outcome ancestors,"X1, X2, X3, X4, X5","X1, X2, X3, X4, X5, X6, X7, X8",0.625,0.625,1.0,0.7692307692307693,0.5,5.0,3.0,0.0,0.0
Interaction nonlinearity,interaction,Case 1,1,2,Root sources,X3,"X2, X3, X8",0.75,0.3333333333333333,1.0,0.5,0.8571428571428572,1.0,2.0,0.0,5.0
Interaction nonlinearity,interaction,Case 1,1,3,Outcome ancestors,"X1, X2, X3, X4, X5","X1, X2, X3, X4, X5, X6, X7, X8",0.625,0.625,1.0,0.7692307692307693,0.5,5.0,3.0,0.0,0.0
Interaction nonlinearity,interaction,Case 1,1,3,Root sources,X3,"X3, X8",0.875,0.5,1.0,0.6666666666666666,0.9285714285714286,1.0,1.0,0.0,6.0
Interaction nonlinearity,interaction,Case 1,1,4,Outcome ancestors,"X1, X2, X3, X4, X5","X1, X2, X3, X4, X5, X6, X7, X8",0.625,0.625,1.0,0.7692307692307693,0.5,5.0,3.0,0.0,0.0
Interaction nonlinearity,interaction,Case 1,1,4,Root sources,X3,"X3, X8",0.875,0.5,1.0,0.6666666666666666,0.9285714285714286,1.0,1.0,0.0,6.0
Interaction nonlinearity,interaction,Case 1,1,5,Outcome ancestors,"X1, X2, X3, X4, X5","X1, X2, X3, X4, X5, X6, X7, X8",0.625,0.625,1.0,0.7692307692307693,0.5,5.0,3.0,0.0,0.0
Interaction nonlinearity,interaction,Case 1,1,5,Root sources,X3,"X3, X8",0.875,0.5,1.0,0.6666666666666666,0.9285714285714286,1.0,1.0,0.0,6.0
Interaction nonlinearity,interaction,Case 1,1,6,Outcome ancestors,"X1, X2, X3, X4, X5","X1, X2, X3, X4, X5, X6, X7, X8",0.625,0.625,1.0,0.7692307692307693,0.5,5.0,3.0,0.0,0.0
Interaction nonlinearity,interaction,Case 1,1,6,Root sources,X3,"X2, X3, X8",0.75,0.3333333333333333,1.0,0.5,0.8571428571428572,1.0,2.0,0.0,5.0
Interaction nonlinearity,interaction,Case 1,1,7,Outcome ancestors,"X1, X2, X3, X4, X5","X1, X2, X3, X4, X5, X8",0.875,0.8333333333333334,1.0,0.9090909090909091,0.8333333333333334,5.0,1.0,0.0,2.0
Interaction nonlinearity,interaction,Case 1,1,7,Root sources,X3,X3,1.0,1.0,1.0,1.0,1.0,1.0,0.0,0.0,7.0
Interaction nonlinearity,interaction,Case 1,1,8,Outcome ancestors,"X1, X2, X3, X4, X5","X1, X2, X3, X4, X5, X6, X7, X8",0.625,0.625,1.0,0.7692307692307693,0.5,5.0,3.0,0.0,0.0
Interaction nonlinearity,interaction,Case 1,1,8,Root sources,X3,"X2, X3, X8",0.75,0.3333333333333333,1.0,0.5,0.8571428571428572,1.0,2.0,0.0,5.0
Interaction nonlinearity,interaction,Case 1,1,9,Outcome ancestors,"X1, X2, X3, X4, X5","X1, X2, X3, X4, X5, X6, X7, X8",0.625,0.625,1.0,0.7692307692307693,0.5,5.0,3.0,0.0,0.0
Interaction nonlinearity,interaction,Case 1,1,9,Root sources,X3,X8,0.75,0.0,0.0,0.0,0.4285714285714286,0.0,1.0,1.0,6.0
Interaction nonlinearity,interaction,Case 2,2,0,Outcome ancestors,"X1, X2, X3, X4, X5, X6, X7, X8","X1, X2, X3, X4, X5, X6, X7, X8, X9",0.8888888888888888,0.8888888888888888,1.0,0.9411764705882353,0.5,8.0,1.0,0.0,0.0
Interaction nonlinearity,interaction,Case 2,2,0,Root sources,X3,X3,1.0,1.0,1.0,1.0,1.0,1.0,0.0,0.0,8.0
Interaction nonlinearity,interaction,Case 2,2,1,Outcome ancestors,"X1, X2, X3, X4, X5, X6, X7, X8","X1, X2, X3, X4, X5, X6, X7, X8, X9",0.8888888888888888,0.8888888888888888,1.0,0.9411764705882353,0.5,8.0,1.0,0.0,0.0
Interaction nonlinearity,interaction,Case 2,2,1,Root sources,X3,X3,1.0,1.0,1.0,1.0,1.0,1.0,0.0,0.0,8.0
Interaction nonlinearity,interaction,Case 2,2,2,Outcome ancestors,"X1, X2, X3, X4, X5, X6, X7, X8","X1, X2, X3, X4, X5, X6, X7, X8, X9",0.8888888888888888,0.8888888888888888,1.0,0.9411764705882353,0.5,8.0,1.0,0.0,0.0
Interaction nonlinearity,interaction,Case 2,2,2,Root sources,X3,"X2, X5",0.6666666666666666,0.0,0.0,0.0,0.375,0.0,2.0,1.0,6.0
Interaction nonlinearity,interaction,Case 2,2,3,Outcome ancestors,"X1, X2, X3, X4, X5, X6, X7, X8","X1, X2, X3, X4, X5, X6, X7, X8, X9",0.8888888888888888,0.8888888888888888,1.0,0.9411764705882353,0.5,8.0,1.0,0.0,0.0
Interaction nonlinearity,interaction,Case 2,2,3,Root sources,X3,X3,1.0,1.0,1.0,1.0,1.0,1.0,0.0,0.0,8.0
Interaction nonlinearity,interaction,Case 2,2,4,Outcome ancestors,"X1, X2, X3, X4, X5, X6, X7, X8","X1, X2, X3, X4, X5, X6, X7, X8, X9",0.8888888888888888,0.8888888888888888,1.0,0.9411764705882353,0.5,8.0,1.0,0.0,0.0
Interaction nonlinearity,interaction,Case 2,2,4,Root sources,X3,X3,1.0,1.0,1.0,1.0,1.0,1.0,0.0,0.0,8.0
Interaction nonlinearity,interaction,Case 2,2,5,Outcome ancestors,"X1, X2, X3, X4, X5, X6, X7, X8","X1, X2, X3, X4, X5, X6, X7, X8, X9",0.8888888888888888,0.8888888888888888,1.0,0.9411764705882353,0.5,8.0,1.0,0.0,0.0
Interaction nonlinearity,interaction,Case 2,2,5,Root sources,X3,X3,1.0,1.0,1.0,1.0,1.0,1.0,0.0,0.0,8.0
Interaction nonlinearity,interaction,Case 2,2,6,Outcome ancestors,"X1, X2, X3, X4, X5, X6, X7, X8","X1, X2, X3, X4, X5, X6, X7, X8, X9",0.8888888888888888,0.8888888888888888,1.0,0.9411764705882353,0.5,8.0,1.0,0.0,0.0
Interaction nonlinearity,interaction,Case 2,2,6,Root sources,X3,X3,1.0,1.0,1.0,1.0,1.0,1.0,0.0,0.0,8.0
Interaction nonlinearity,interaction,Case 2,2,7,Outcome ancestors,"X1, X2, X3, X4, X5, X6, X7, X8","X1, X2, X3, X4, X5, X6, X7, X8, X9",0.8888888888888888,0.8888888888888888,1.0,0.9411764705882353,0.5,8.0,1.0,0.0,0.0
Interaction nonlinearity,interaction,Case 2,2,7,Root sources,X3,X3,1.0,1.0,1.0,1.0,1.0,1.0,0.0,0.0,8.0
Interaction nonlinearity,interaction,Case 2,2,8,Outcome ancestors,"X1, X2, X3, X4, X5, X6, X7, X8","X1, X2, X3, X4, X5, X6, X7, X8, X9",0.8888888888888888,0.8888888888888888,1.0,0.9411764705882353,0.5,8.0,1.0,0.0,0.0
Interaction nonlinearity,interaction,Case 2,2,8,Root sources,X3,X3,1.0,1.0,1.0,1.0,1.0,1.0,0.0,0.0,8.0
Interaction nonlinearity,interaction,Case 2,2,9,Outcome ancestors,"X1, X2, X3, X4, X5, X6, X7, X8","X1, X2, X3, X4, X5, X6, X7, X8, X9",0.8888888888888888,0.8888888888888888,1.0,0.9411764705882353,0.5,8.0,1.0,0.0,0.0
Interaction nonlinearity,interaction,Case 2,2,9,Root sources,X3,"X2, X5",0.6666666666666666,0.0,0.0,0.0,0.375,0.0,2.0,1.0,6.0
Interaction nonlinearity,interaction,Case 3,3,0,Outcome ancestors,"X1, X2, X3, X4, X5","X1, X2, X3, X4, X5, X6, X7",0.7142857142857143,0.7142857142857143,1.0,0.8333333333333333,0.5,5.0,2.0,0.0,0.0
Interaction nonlinearity,interaction,Case 3,3,0,Root sources,X3,"X3, X6, X7",0.7142857142857143,0.3333333333333333,1.0,0.5,0.8333333333333334,1.0,2.0,0.0,4.0
Interaction nonlinearity,interaction,Case 3,3,1,Outcome ancestors,"X1, X2, X3, X4, X5","X1, X3, X4, X5, X6, X7",0.5714285714285714,0.6666666666666666,0.8,0.7272727272727272,0.4,4.0,2.0,1.0,0.0
Interaction nonlinearity,interaction,Case 3,3,1,Root sources,X3,"X3, X6, X7",0.7142857142857143,0.3333333333333333,1.0,0.5,0.8333333333333334,1.0,2.0,0.0,4.0
Interaction nonlinearity,interaction,Case 3,3,2,Outcome ancestors,"X1, X2, X3, X4, X5","X1, X2, X3, X4, X5, X6, X7",0.7142857142857143,0.7142857142857143,1.0,0.8333333333333333,0.5,5.0,2.0,0.0,0.0
Interaction nonlinearity,interaction,Case 3,3,2,Root sources,X3,"X3, X6, X7",0.7142857142857143,0.3333333333333333,1.0,0.5,0.8333333333333334,1.0,2.0,0.0,4.0
Interaction nonlinearity,interaction,Case 3,3,3,Outcome ancestors,"X1, X2, X3, X4, X5","X1, X3, X4, X5, X6, X7",0.5714285714285714,0.6666666666666666,0.8,0.7272727272727272,0.4,4.0,2.0,1.0,0.0
Interaction nonlinearity,interaction,Case 3,3,3,Root sources,X3,"X2, X3, X6, X7",0.5714285714285714,0.25,1.0,0.4,0.75,1.0,3.0,0.0,3.0
Interaction nonlinearity,interaction,Case 3,3,4,Outcome ancestors,"X1, X2, X3, X4, X5","X1, X2, X3, X4, X5, X6, X7",0.7142857142857143,0.7142857142857143,1.0,0.8333333333333333,0.5,5.0,2.0,0.0,0.0
Interaction nonlinearity,interaction,Case 3,3,4,Root sources,X3,"X3, X6, X7",0.7142857142857143,0.3333333333333333,1.0,0.5,0.8333333333333334,1.0,2.0,0.0,4.0
Interaction nonlinearity,interaction,Case 3,3,5,Outcome ancestors,"X1, X2, X3, X4, X5","X1, X3, X4, X5, X6, X7",0.5714285714285714,0.6666666666666666,0.8,0.7272727272727272,0.4,4.0,2.0,1.0,0.0
Interaction nonlinearity,interaction,Case 3,3,5,Root sources,X3,"X3, X6, X7",0.7142857142857143,0.3333333333333333,1.0,0.5,0.8333333333333334,1.0,2.0,0.0,4.0
Interaction nonlinearity,interaction,Case 3,3,6,Outcome ancestors,"X1, X2, X3, X4, X5","X1, X2, X3, X4, X5, X6, X7",0.7142857142857143,0.7142857142857143,1.0,0.8333333333333333,0.5,5.0,2.0,0.0,0.0
Interaction nonlinearity,interaction,Case 3,3,6,Root sources,X3,"X6, X7",0.5714285714285714,0.0,0.0,0.0,0.33333333333333337,0.0,2.0,1.0,4.0
Interaction nonlinearity,interaction,Case 3,3,7,Outcome ancestors,"X1, X2, X3, X4, X5","X1, X3, X4, X5, X6, X7",0.5714285714285714,0.6666666666666666,0.8,0.7272727272727272,0.4,4.0,2.0,1.0,0.0
Interaction nonlinearity,interaction,Case 3,3,7,Root sources,X3,"X3, X6, X7",0.7142857142857143,0.3333333333333333,1.0,0.5,0.8333333333333334,1.0,2.0,0.0,4.0
Interaction nonlinearity,interaction,Case 3,3,8,Outcome ancestors,"X1, X2, X3, X4, X5","X1, X3, X4, X5, X6, X7",0.5714285714285714,0.6666666666666666,0.8,0.7272727272727272,0.4,4.0,2.0,1.0,0.0
Interaction nonlinearity,interaction,Case 3,3,8,Root sources,X3,"X3, X6, X7",0.7142857142857143,0.3333333333333333,1.0,0.5,0.8333333333333334,1.0,2.0,0.0,4.0
Interaction nonlinearity,interaction,Case 3,3,9,Outcome ancestors,"X1, X2, X3, X4, X5","X1, X3, X4, X5, X6, X7",0.5714285714285714,0.6666666666666666,0.8,0.7272727272727272,0.4,4.0,2.0,1.0,0.0
Interaction nonlinearity,interaction,Case 3,3,9,Root sources,X3,"X3, X6, X7",0.7142857142857143,0.3333333333333333,1.0,0.5,0.8333333333333334,1.0,2.0,0.0,4.0
Interaction nonlinearity,interaction,Case 4,4,0,Outcome ancestors,"X1, X2, X3, X4, X5","X1, X2, X3, X4, X5",1.0,1.0,1.0,1.0,1.0,5.0,0.0,0.0,2.0
Interaction nonlinearity,interaction,Case 4,4,0,Root sources,"X2, X3, X4","X1, X3, X4",0.7142857142857143,0.6666666666666666,0.6666666666666666,0.6666666666666666,0.7083333333333334,2.0,1.0,1.0,3.0
Interaction nonlinearity,interaction,Case 4,4,1,Outcome ancestors,"X1, X2, X3, X4, X5","X1, X2, X3, X4, X5",1.0,1.0,1.0,1.0,1.0,5.0,0.0,0.0,2.0
Interaction nonlinearity,interaction,Case 4,4,1,Root sources,"X2, X3, X4","X1, X3, X4",0.7142857142857143,0.6666666666666666,0.6666666666666666,0.6666666666666666,0.7083333333333334,2.0,1.0,1.0,3.0
Interaction nonlinearity,interaction,Case 4,4,2,Outcome ancestors,"X1, X2, X3, X4, X5","X1, X2, X3, X4, X5",1.0,1.0,1.0,1.0,1.0,5.0,0.0,0.0,2.0
Interaction nonlinearity,interaction,Case 4,4,2,Root sources,"X2, X3, X4","X1, X3, X4",0.7142857142857143,0.6666666666666666,0.6666666666666666,0.6666666666666666,0.7083333333333334,2.0,1.0,1.0,3.0
Interaction nonlinearity,interaction,Case 4,4,3,Outcome ancestors,"X1, X2, X3, X4, X5","X1, X2, X3, X4, X5",1.0,1.0,1.0,1.0,1.0,5.0,0.0,0.0,2.0
Interaction nonlinearity,interaction,Case 4,4,3,Root sources,"X2, X3, X4","X1, X3, X4",0.7142857142857143,0.6666666666666666,0.6666666666666666,0.6666666666666666,0.7083333333333334,2.0,1.0,1.0,3.0
Interaction nonlinearity,interaction,Case 4,4,4,Outcome ancestors,"X1, X2, X3, X4, X5","X1, X2, X3, X4, X5",1.0,1.0,1.0,1.0,1.0,5.0,0.0,0.0,2.0
Interaction nonlinearity,interaction,Case 4,4,4,Root sources,"X2, X3, X4","X1, X3, X4",0.7142857142857143,0.6666666666666666,0.6666666666666666,0.6666666666666666,0.7083333333333334,2.0,1.0,1.0,3.0
Interaction nonlinearity,interaction,Case 4,4,5,Outcome ancestors,"X1, X2, X3, X4, X5","X1, X2, X3, X4, X5, X6, X7",0.7142857142857143,0.7142857142857143,1.0,0.8333333333333333,0.5,5.0,2.0,0.0,0.0
Interaction nonlinearity,interaction,Case 4,4,5,Root sources,"X2, X3, X4","X1, X3, X4, X7",0.5714285714285714,0.5,0.6666666666666666,0.5714285714285715,0.5833333333333333,2.0,2.0,1.0,2.0
Interaction nonlinearity,interaction,Case 4,4,6,Outcome ancestors,"X1, X2, X3, X4, X5","X1, X2, X3, X4, X5, X7",0.8571428571428571,0.8333333333333334,1.0,0.9090909090909091,0.75,5.0,1.0,0.0,1.0
Interaction nonlinearity,interaction,Case 4,4,6,Root sources,"X2, X3, X4","X1, X3, X4, X7",0.5714285714285714,0.5,0.6666666666666666,0.5714285714285715,0.5833333333333333,2.0,2.0,1.0,2.0
Interaction nonlinearity,interaction,Case 4,4,7,Outcome ancestors,"X1, X2, X3, X4, X5","X1, X2, X3, X4, X5",1.0,1.0,1.0,1.0,1.0,5.0,0.0,0.0,2.0
Interaction nonlinearity,interaction,Case 4,4,7,Root sources,"X2, X3, X4","X1, X3, X4",0.7142857142857143,0.6666666666666666,0.6666666666666666,0.6666666666666666,0.7083333333333334,2.0,1.0,1.0,3.0
Interaction nonlinearity,interaction,Case 4,4,8,Outcome ancestors,"X1, X2, X3, X4, X5","X1, X2, X3, X4, X5",1.0,1.0,1.0,1.0,1.0,5.0,0.0,0.0,2.0
Interaction nonlinearity,interaction,Case 4,4,8,Root sources,"X2, X3, X4","X1, X3, X4",0.7142857142857143,0.6666666666666666,0.6666666666666666,0.6666666666666666,0.7083333333333334,2.0,1.0,1.0,3.0
Interaction nonlinearity,interaction,Case 4,4,9,Outcome ancestors,"X1, X2, X3, X4, X5","X1, X2, X3, X4, X5",1.0,1.0,1.0,1.0,1.0,5.0,0.0,0.0,2.0
Interaction nonlinearity,interaction,Case 4,4,9,Root sources,"X2, X3, X4","X1, X3, X4",0.7142857142857143,0.6666666666666666,0.6666666666666666,0.6666666666666666,0.7083333333333334,2.0,1.0,1.0,3.0
