Mechanism,Mechanism key,Case,case_id,repeat,searched_targets,predicted_outcome_ancestors,predicted_treatment_ancestors,predicted_common_ancestors,predicted_root_sources,root_source_candidate_pvalues,parent_dict
Additive nonlinear,additive_sine,Case 1,1,0,"X1, X2, X3, X4, X5, X6, X7, X8, t, y","X1, X2, X3, X4, X5, X6, X7, X8","X2, X3, X6, X7, X8","X2, X3, X6, X7, X8","X3, X8","{""X2"": 0.048814, ""X3"": 0.000375, ""X8"": 0.0}","{""X1"": [], ""X2"": [], ""X3"": [""X8""], ""X4"": [""X1""], ""X5"": [""X3"", ""X8""], ""X6"": [], ""X7"": [], ""X8"": [""X6"", ""X7""], ""t"": [""X2"", ""X3"", ""X8""], ""y"": [""X4"", ""X5"", ""X8"", ""t""]}"
Additive nonlinear,additive_sine,Case 1,1,1,"X1, X2, X3, X4, X5, X6, X7, X8, t, y","X1, X2, X3, X4, X5, X6, X7, X8","X2, X3, X6, X7, X8","X2, X3, X6, X7, X8","X2, X3, X7","{""X2"": 0.005275, ""X3"": 8e-06, ""X7"": 0.0}","{""X1"": [], ""X2"": [], ""X3"": [], ""X4"": [""X1""], ""X5"": [""X3"", ""X8""], ""X6"": [], ""X7"": [""X8""], ""X8"": [""X6""], ""t"": [""X2"", ""X3"", ""X7""], ""y"": [""X4"", ""X5"", ""X8"", ""t""]}"
Additive nonlinear,additive_sine,Case 1,1,2,"X1, X2, X3, X4, X5, X6, X7, X8, t, y","X1, X2, X3, X4, X5, X6, X7, X8","X2, X3, X6, X7, X8","X2, X3, X6, X7, X8","X3, X8","{""X2"": 0.133898, ""X3"": 3e-06, ""X8"": 0.0}","{""X1"": [], ""X2"": [], ""X3"": [], ""X4"": [""X1""], ""X5"": [""X3""], ""X6"": [], ""X7"": [], ""X8"": [""X6"", ""X7""], ""t"": [""X2"", ""X3"", ""X8""], ""y"": [""X4"", ""X5"", ""t""]}"
Additive nonlinear,additive_sine,Case 1,1,3,"X1, X2, X3, X4, X5, X6, X7, X8, t, y","X1, X2, X3, X4, X5, X6, X7, X8","X2, X3, X6, X7, X8","X2, X3, X6, X7, X8",X8,"{""X2"": 0.108078, ""X3"": 0.034046, ""X8"": 0.0}","{""X1"": [], ""X2"": [], ""X3"": [], ""X4"": [""X1""], ""X5"": [""X3""], ""X6"": [], ""X7"": [], ""X8"": [""X6"", ""X7""], ""t"": [""X2"", ""X3"", ""X8""], ""y"": [""X4"", ""X5"", ""t""]}"
Additive nonlinear,additive_sine,Case 1,1,4,"X1, X2, X3, X4, X5, X6, X7, X8, t, y","X1, X2, X3, X4, X5, X6, X7, X8","X2, X3, X6, X7, X8","X2, X3, X6, X7, X8","X3, X8","{""X2"": 0.425189, ""X3"": 0.000281, ""X8"": 0.0}","{""X1"": [], ""X2"": [], ""X3"": [], ""X4"": [""X1""], ""X5"": [""X3""], ""X6"": [], ""X7"": [], ""X8"": [""X6"", ""X7""], ""t"": [""X2"", ""X3"", ""X8""], ""y"": [""X4"", ""X5"", ""X8"", ""t""]}"
Additive nonlinear,additive_sine,Case 1,1,5,"X1, X2, X3, X4, X5, X6, X7, X8, t, y","X1, X2, X3, X4, X5, X6, X7, X8","X2, X3, X6, X7, X8","X2, X3, X6, X7, X8","X2, X3, X7, X8","{""X2"": 5.7e-05, ""X3"": 0.0, ""X7"": 0.0, ""X8"": 0.0}","{""X1"": [], ""X2"": [], ""X3"": [""X8""], ""X4"": [""X1""], ""X5"": [""X3""], ""X6"": [], ""X7"": [""X8""], ""X8"": [""X6""], ""t"": [""X2"", ""X3"", ""X7"", ""X8""], ""y"": [""X4"", ""X5"", ""t""]}"
Additive nonlinear,additive_sine,Case 1,1,6,"X1, X2, X3, X4, X5, X6, X7, X8, t, y","X1, X2, X3, X4, X5, X6, X7, X8","X2, X3, X6, X7, X8","X2, X3, X6, X7, X8","X2, X3, X8","{""X2"": 0.003287, ""X3"": 0.000837, ""X8"": 0.0}","{""X1"": [], ""X2"": [], ""X3"": [], ""X4"": [""X1""], ""X5"": [""X3""], ""X6"": [], ""X7"": [], ""X8"": [""X6"", ""X7""], ""t"": [""X2"", ""X3"", ""X8""], ""y"": [""X4"", ""X5"", ""t""]}"
Additive nonlinear,additive_sine,Case 1,1,7,"X1, X2, X3, X4, X5, X6, X7, X8, t, y","X1, X2, X3, X4, X5, X6, X7, X8","X2, X3, X6, X7, X8","X2, X3, X6, X7, X8","X2, X3, X8","{""X2"": 0.008208, ""X3"": 0.004528, ""X8"": 0.0}","{""X1"": [], ""X2"": [], ""X3"": [], ""X4"": [""X1""], ""X5"": [""X3""], ""X6"": [], ""X7"": [], ""X8"": [""X6"", ""X7""], ""t"": [""X2"", ""X3"", ""X8""], ""y"": [""X4"", ""X5"", ""t""]}"
Additive nonlinear,additive_sine,Case 1,1,8,"X1, X2, X3, X4, X5, X6, X7, X8, t, y","X1, X2, X3, X4, X5, X6, X7, X8","X2, X3, X6, X7, X8","X2, X3, X6, X7, X8","X3, X8","{""X2"": 0.064265, ""X3"": 0.0, ""X8"": 0.0}","{""X1"": [], ""X2"": [], ""X3"": [""X8""], ""X4"": [""X1""], ""X5"": [""X3"", ""X8""], ""X6"": [], ""X7"": [], ""X8"": [""X6"", ""X7""], ""t"": [""X2"", ""X3"", ""X8""], ""y"": [""X4"", ""X5"", ""X8"", ""t""]}"
Additive nonlinear,additive_sine,Case 1,1,9,"X1, X2, X3, X4, X5, X8, t, y","X1, X2, X3, X4, X5, X8","X2, X3","X2, X3",X3,"{""X2"": 0.299304, ""X3"": 0.00341}","{""X1"": [], ""X2"": [], ""X3"": [], ""X4"": [""X1""], ""X5"": [""X3""], ""X8"": [], ""t"": [""X2"", ""X3""], ""y"": [""X4"", ""X5"", ""X8"", ""t""]}"
Additive nonlinear,additive_sine,Case 2,2,0,"X1, X2, X3, X4, X5, X6, X7, X8, X9, t, y","X1, X2, X3, X4, X5, X6, X7, X8, X9","X2, X3, X5","X2, X3, X5",X3,"{""X2"": 0.206225, ""X3"": 0.000955}","{""X1"": [], ""X2"": [], ""X3"": [""X5""], ""X4"": [""X1""], ""X5"": [], ""X6"": [""X9"", ""t""], ""X7"": [""X5"", ""X9""], ""X8"": [""X4""], ""X9"": [""t""], ""t"": [""X2"", ""X3""], ""y"": [""X6"", ""X7"", ""X8"", ""X9""]}"
Additive nonlinear,additive_sine,Case 2,2,1,"X1, X2, X3, X4, X5, X6, X7, X8, X9, t, y","X1, X2, X3, X4, X5, X6, X7, X8, X9","X2, X3, X5","X2, X3, X5","X2, X5","{""X2"": 0.924446, ""X3"": 0.045119}","{""X1"": [], ""X2"": [], ""X3"": [""X5""], ""X4"": [""X1""], ""X5"": [], ""X6"": [""X9"", ""t""], ""X7"": [""X5""], ""X8"": [""X4""], ""X9"": [], ""t"": [""X2"", ""X3""], ""y"": [""X6"", ""X7"", ""X8"", ""X9""]}"
Additive nonlinear,additive_sine,Case 2,2,2,"X1, X2, X3, X4, X5, X6, X7, X8, X9, t, y","X1, X2, X3, X4, X5, X6, X7, X8, X9","X2, X3, X5","X2, X3, X5",X3,"{""X2"": 0.047658, ""X3"": 2e-06}","{""X1"": [], ""X2"": [], ""X3"": [""X5""], ""X4"": [""X1""], ""X5"": [], ""X6"": [""X9"", ""t""], ""X7"": [""X5""], ""X8"": [""X4""], ""X9"": [""t""], ""t"": [""X2"", ""X3""], ""y"": [""X6"", ""X7"", ""X8"", ""X9""]}"
Additive nonlinear,additive_sine,Case 2,2,3,"X1, X2, X3, X4, X5, X6, X7, X8, X9, t, y","X1, X2, X3, X4, X5, X6, X7, X8, X9","X2, X3, X5","X2, X3, X5",X3,"{""X2"": 0.956455, ""X3"": 7.3e-05}","{""X1"": [], ""X2"": [], ""X3"": [""X5""], ""X4"": [""X1""], ""X5"": [], ""X6"": [""X9"", ""t""], ""X7"": [""X5""], ""X8"": [""X4""], ""X9"": [""t""], ""t"": [""X2"", ""X3""], ""y"": [""X6"", ""X7"", ""X8"", ""X9""]}"
Additive nonlinear,additive_sine,Case 2,2,4,"X1, X2, X3, X4, X5, X6, X7, X8, X9, t, y","X1, X2, X3, X4, X5, X6, X7, X8, X9","X2, X3, X5","X2, X3, X5","X2, X3","{""X2"": 0.002973, ""X3"": 1e-06}","{""X1"": [], ""X2"": [], ""X3"": [""X5""], ""X4"": [""X1""], ""X5"": [], ""X6"": [""X9"", ""t""], ""X7"": [""X5"", ""X9""], ""X8"": [""X4""], ""X9"": [], ""t"": [""X2"", ""X3""], ""y"": [""X6"", ""X7"", ""X8"", ""X9""]}"
Additive nonlinear,additive_sine,Case 2,2,5,"X1, X2, X3, X4, X5, X6, X7, X8, X9, t, y","X1, X2, X3, X4, X5, X6, X7, X8, X9","X2, X3, X5","X2, X3, X5","X2, X5","{""X2"": 0.60636, ""X3"": 0.127805}","{""X1"": [], ""X2"": [], ""X3"": [""X5""], ""X4"": [""X1""], ""X5"": [], ""X6"": [""X9"", ""t""], ""X7"": [""X5""], ""X8"": [""X4""], ""X9"": [], ""t"": [""X2"", ""X3""], ""y"": [""X6"", ""X7"", ""X8"", ""X9""]}"
Additive nonlinear,additive_sine,Case 2,2,6,"X1, X2, X3, X4, X5, X6, X7, X8, X9, t, y","X1, X2, X3, X4, X5, X6, X7, X8, X9","X2, X3, X5","X2, X3, X5",X3,"{""X2"": 0.249855, ""X3"": 0.000969}","{""X1"": [], ""X2"": [], ""X3"": [""X5""], ""X4"": [""X1""], ""X5"": [], ""X6"": [""X9"", ""t""], ""X7"": [""X5""], ""X8"": [""X4""], ""X9"": [], ""t"": [""X2"", ""X3""], ""y"": [""X6"", ""X7"", ""X8"", ""X9""]}"
Additive nonlinear,additive_sine,Case 2,2,7,"X1, X2, X3, X4, X5, X6, X7, X8, X9, t, y","X1, X2, X3, X4, X5, X6, X7, X8, X9","X2, X3, X5","X2, X3, X5",X3,"{""X2"": 0.676077, ""X3"": 0.000253}","{""X1"": [], ""X2"": [], ""X3"": [""X5""], ""X4"": [""X1""], ""X5"": [], ""X6"": [""X9"", ""t""], ""X7"": [""X5"", ""X9""], ""X8"": [""X4""], ""X9"": [], ""t"": [""X2"", ""X3""], ""y"": [""X6"", ""X7"", ""X8"", ""X9""]}"
Additive nonlinear,additive_sine,Case 2,2,8,"X1, X2, X3, X4, X5, X6, X7, X8, X9, t, y","X1, X2, X3, X4, X5, X6, X7, X8, X9","X2, X3, X5","X2, X3, X5",X3,"{""X2"": 0.698018, ""X3"": 0.015493}","{""X1"": [], ""X2"": [], ""X3"": [""X5""], ""X4"": [""X1""], ""X5"": [], ""X6"": [""X9"", ""t""], ""X7"": [""X5""], ""X8"": [""X4""], ""X9"": [], ""t"": [""X2"", ""X3""], ""y"": [""X6"", ""X7"", ""X8"", ""X9""]}"
Additive nonlinear,additive_sine,Case 2,2,9,"X1, X2, X3, X4, X5, X6, X7, X8, X9, t, y","X1, X2, X3, X4, X5, X6, X7, X8, X9","X2, X3, X5","X2, X3, X5",X3,"{""X2"": 0.031848, ""X3"": 8.2e-05}","{""X1"": [], ""X2"": [], ""X3"": [""X5""], ""X4"": [""X1""], ""X5"": [], ""X6"": [""X9"", ""t""], ""X7"": [""X5""], ""X8"": [""X4""], ""X9"": [""t""], ""t"": [""X2"", ""X3""], ""y"": [""X6"", ""X7"", ""X8"", ""X9""]}"
Additive nonlinear,additive_sine,Case 3,3,0,"X1, X2, X3, X4, X5, X6, X7, t, y","X1, X3, X4, X5, X6, X7","X2, X3, X6, X7","X3, X6, X7","X3, X6, X7","{""X2"": 0.095703, ""X3"": 0.000243, ""X6"": 0.0, ""X7"": 0.0}","{""X1"": [], ""X2"": [""X6"", ""X7""], ""X3"": [""X6"", ""X7""], ""X4"": [""X1""], ""X5"": [""X3"", ""X7""], ""X6"": [""X7""], ""X7"": [], ""t"": [""X2"", ""X3"", ""X6"", ""X7""], ""y"": [""X4"", ""X5"", ""X6"", ""X7""]}"
Additive nonlinear,additive_sine,Case 3,3,1,"X1, X2, X3, X4, X5, X6, X7, t, y","X1, X2, X3, X4, X5, X6, X7","X2, X3, X6, X7","X2, X3, X6, X7","X3, X6, X7","{""X2"": 0.866285, ""X3"": 8.9e-05, ""X6"": 0.0, ""X7"": 0.0}","{""X1"": [], ""X2"": [""X6"", ""X7""], ""X3"": [""X6"", ""X7""], ""X4"": [""X1""], ""X5"": [""X3"", ""X6"", ""X7""], ""X6"": [""X7""], ""X7"": [], ""t"": [""X2"", ""X3"", ""X6"", ""X7""], ""y"": [""X4"", ""X5"", ""X6"", ""X7"", ""t""]}"
Additive nonlinear,additive_sine,Case 3,3,2,"X1, X2, X3, X4, X5, X6, X7, t, y","X1, X3, X4, X5, X6, X7","X2, X3, X6, X7","X3, X6, X7","X2, X3, X6, X7","{""X2"": 0.001268, ""X3"": 0.01407, ""X6"": 0.0, ""X7"": 0.0}","{""X1"": [], ""X2"": [""X6"", ""X7""], ""X3"": [""X6"", ""X7""], ""X4"": [""X1""], ""X5"": [""X3"", ""X7""], ""X6"": [""X7""], ""X7"": [], ""t"": [""X2"", ""X3"", ""X6"", ""X7""], ""y"": [""X4"", ""X5"", ""X7""]}"
Additive nonlinear,additive_sine,Case 3,3,3,"X1, X2, X3, X4, X5, X6, X7, t, y","X1, X3, X4, X5, X6, X7","X2, X3, X6, X7","X3, X6, X7","X3, X6, X7","{""X2"": 0.054132, ""X3"": 1.2e-05, ""X6"": 0.0, ""X7"": 0.0}","{""X1"": [], ""X2"": [""X6"", ""X7""], ""X3"": [""X6"", ""X7""], ""X4"": [""X1""], ""X5"": [""X3"", ""X7""], ""X6"": [""X7""], ""X7"": [], ""t"": [""X2"", ""X3"", ""X6"", ""X7""], ""y"": [""X4"", ""X5"", ""X6"", ""X7""]}"
Additive nonlinear,additive_sine,Case 3,3,4,"X1, X2, X3, X4, X5, X6, X7, t, y","X1, X3, X4, X5, X6, X7","X2, X3, X6, X7","X3, X6, X7","X6, X7","{""X2"": 0.140107, ""X3"": 0.020484, ""X6"": 0.0, ""X7"": 0.0}","{""X1"": [], ""X2"": [""X6"", ""X7""], ""X3"": [""X6"", ""X7""], ""X4"": [""X1""], ""X5"": [""X3"", ""X7""], ""X6"": [""X7""], ""X7"": [], ""t"": [""X2"", ""X3"", ""X6"", ""X7""], ""y"": [""X4"", ""X5"", ""X7""]}"
Additive nonlinear,additive_sine,Case 3,3,5,"X1, X2, X3, X4, X5, X6, X7, t, y","X1, X3, X4, X5, X6, X7","X2, X3, X6, X7","X3, X6, X7","X3, X6, X7","{""X2"": 0.027293, ""X3"": 0.000679, ""X6"": 0.0, ""X7"": 0.0}","{""X1"": [], ""X2"": [""X6"", ""X7""], ""X3"": [""X6"", ""X7""], ""X4"": [""X1""], ""X5"": [""X3"", ""X7""], ""X6"": [""X7""], ""X7"": [], ""t"": [""X2"", ""X3"", ""X6"", ""X7""], ""y"": [""X4"", ""X5"", ""X7""]}"
Additive nonlinear,additive_sine,Case 3,3,6,"X1, X2, X3, X4, X5, X6, X7, t, y","X1, X3, X4, X5, X6, X7","X2, X3, X6, X7","X3, X6, X7","X3, X6, X7","{""X2"": 0.911845, ""X3"": 0.001359, ""X6"": 0.0, ""X7"": 0.0}","{""X1"": [], ""X2"": [""X6"", ""X7""], ""X3"": [""X6"", ""X7""], ""X4"": [""X1""], ""X5"": [""X3"", ""X7""], ""X6"": [""X7""], ""X7"": [], ""t"": [""X2"", ""X3"", ""X6"", ""X7""], ""y"": [""X4"", ""X5"", ""X6"", ""X7""]}"
Additive nonlinear,additive_sine,Case 3,3,7,"X1, X2, X3, X4, X5, X6, X7, t, y","X1, X3, X4, X5, X6, X7","X2, X3, X6, X7","X3, X6, X7","X3, X6, X7","{""X2"": 0.047005, ""X3"": 4e-06, ""X6"": 0.0, ""X7"": 0.0}","{""X1"": [], ""X2"": [""X6"", ""X7""], ""X3"": [""X6"", ""X7""], ""X4"": [""X1""], ""X5"": [""X3"", ""X7""], ""X6"": [""X7""], ""X7"": [], ""t"": [""X2"", ""X3"", ""X6"", ""X7""], ""y"": [""X4"", ""X5"", ""X6"", ""X7""]}"
Additive nonlinear,additive_sine,Case 3,3,8,"X1, X2, X3, X4, X5, X6, X7, t, y","X1, X3, X4, X5, X6, X7","X2, X3, X6, X7","X3, X6, X7","X6, X7","{""X2"": 0.065792, ""X3"": 0.651851, ""X6"": 0.0, ""X7"": 0.0}","{""X1"": [], ""X2"": [""X6"", ""X7""], ""X3"": [""X6"", ""X7""], ""X4"": [""X1""], ""X5"": [""X3"", ""X7""], ""X6"": [""X7""], ""X7"": [], ""t"": [""X2"", ""X3"", ""X6"", ""X7""], ""y"": [""X4"", ""X5"", ""X6"", ""X7""]}"
Additive nonlinear,additive_sine,Case 3,3,9,"X1, X2, X3, X4, X5, X6, X7, t, y","X1, X3, X4, X5, X6, X7","X2, X3, X6, X7","X3, X6, X7","X3, X6, X7","{""X2"": 0.663039, ""X3"": 0.000347, ""X6"": 0.0, ""X7"": 0.0}","{""X1"": [], ""X2"": [""X6"", ""X7""], ""X3"": [""X6"", ""X7""], ""X4"": [""X1""], ""X5"": [""X3"", ""X7""], ""X6"": [""X7""], ""X7"": [], ""t"": [""X2"", ""X3"", ""X6"", ""X7""], ""y"": [""X4"", ""X5"", ""X7""]}"
Additive nonlinear,additive_sine,Case 4,4,0,"X1, X2, X3, X4, X5, X6, X7, t, y","X1, X2, X3, X4, X5, X6, X7","X1, X2, X3, X4, X6, X7","X1, X2, X3, X4, X6, X7","X1, X3, X4, X7","{""X1"": 0.0, ""X2"": 0.661569, ""X3"": 0.0, ""X4"": 0.0, ""X7"": 9e-06}","{""X1"": [], ""X2"": [], ""X3"": [], ""X4"": [], ""X5"": [""X2""], ""X6"": [], ""X7"": [""X6""], ""t"": [""X1"", ""X2"", ""X3"", ""X4"", ""X7""], ""y"": [""X3"", ""X4"", ""X5"", ""t""]}"
Additive nonlinear,additive_sine,Case 4,4,1,"X1, X2, X3, X4, X5, X6, X7, t, y","X1, X2, X3, X4, X5, X6, X7","X1, X2, X3, X4, X6, X7","X1, X2, X3, X4, X6, X7","X1, X3, X4, X7","{""X1"": 0.0, ""X2"": 0.259978, ""X3"": 0.0, ""X4"": 0.0, ""X7"": 0.0}","{""X1"": [], ""X2"": [], ""X3"": [], ""X4"": [], ""X5"": [""X2""], ""X6"": [], ""X7"": [""X6""], ""t"": [""X1"", ""X2"", ""X3"", ""X4"", ""X7""], ""y"": [""X3"", ""X4"", ""X5"", ""t""]}"
Additive nonlinear,additive_sine,Case 4,4,2,"X1, X2, X3, X4, X5, t, y","X1, X2, X3, X4, X5","X1, X2, X3, X4","X1, X2, X3, X4","X1, X3, X4","{""X1"": 0.0, ""X2"": 0.042934, ""X3"": 0.0, ""X4"": 0.0}","{""X1"": [], ""X2"": [], ""X3"": [], ""X4"": [], ""X5"": [""X2""], ""t"": [""X1"", ""X2"", ""X3"", ""X4""], ""y"": [""X3"", ""X4"", ""X5"", ""t""]}"
Additive nonlinear,additive_sine,Case 4,4,3,"X1, X2, X3, X4, X5, t, y","X1, X2, X3, X4, X5","X1, X2, X3, X4","X1, X2, X3, X4","X1, X3, X4","{""X1"": 1e-06, ""X2"": 0.032045, ""X3"": 0.0, ""X4"": 0.0}","{""X1"": [], ""X2"": [], ""X3"": [], ""X4"": [], ""X5"": [""X2""], ""t"": [""X1"", ""X2"", ""X3"", ""X4""], ""y"": [""X3"", ""X4"", ""X5"", ""t""]}"
Additive nonlinear,additive_sine,Case 4,4,4,"X1, X2, X3, X4, X5, t, y","X1, X2, X3, X4, X5","X1, X2, X3, X4","X1, X2, X3, X4","X1, X3, X4","{""X1"": 0.0, ""X2"": 0.080949, ""X3"": 0.0, ""X4"": 0.0}","{""X1"": [], ""X2"": [], ""X3"": [], ""X4"": [], ""X5"": [""X2""], ""t"": [""X1"", ""X2"", ""X3"", ""X4""], ""y"": [""X3"", ""X4"", ""X5"", ""t""]}"
Additive nonlinear,additive_sine,Case 4,4,5,"X1, X2, X3, X4, X5, X6, X7, t, y","X1, X2, X3, X4, X5, X6, X7","X1, X2, X3, X4, X6, X7","X1, X2, X3, X4, X6, X7","X1, X3, X4, X7","{""X1"": 0.0, ""X2"": 0.286281, ""X3"": 0.0, ""X4"": 0.0, ""X7"": 0.0}","{""X1"": [], ""X2"": [], ""X3"": [""X7""], ""X4"": [], ""X5"": [""X2""], ""X6"": [], ""X7"": [""X6""], ""t"": [""X1"", ""X2"", ""X3"", ""X4"", ""X7""], ""y"": [""X3"", ""X4"", ""X5"", ""t""]}"
Additive nonlinear,additive_sine,Case 4,4,6,"X1, X2, X3, X4, X5, X6, X7, t, y","X1, X2, X3, X4, X5, X6, X7","X1, X2, X3, X4, X6, X7","X1, X2, X3, X4, X6, X7","X1, X3, X4, X7","{""X1"": 0.0, ""X2"": 0.099412, ""X3"": 0.0, ""X4"": 0.0, ""X7"": 0.000231}","{""X1"": [], ""X2"": [], ""X3"": [], ""X4"": [], ""X5"": [""X2""], ""X6"": [], ""X7"": [""X6""], ""t"": [""X1"", ""X2"", ""X3"", ""X4"", ""X7""], ""y"": [""X3"", ""X4"", ""X5"", ""t""]}"
Additive nonlinear,additive_sine,Case 4,4,7,"X1, X2, X3, X4, X5, t, y","X1, X2, X3, X4, X5","X1, X2, X3, X4","X1, X2, X3, X4","X1, X3, X4","{""X1"": 0.0, ""X2"": 0.685654, ""X3"": 0.0, ""X4"": 0.0}","{""X1"": [], ""X2"": [], ""X3"": [], ""X4"": [], ""X5"": [""X2""], ""t"": [""X1"", ""X2"", ""X3"", ""X4""], ""y"": [""X3"", ""X4"", ""X5"", ""t""]}"
Additive nonlinear,additive_sine,Case 4,4,8,"X1, X2, X3, X4, X5, t, y","X1, X2, X3, X4, X5","X1, X2, X3, X4","X1, X2, X3, X4","X1, X2, X3, X4","{""X1"": 0.000189, ""X2"": 0.001695, ""X3"": 0.0, ""X4"": 0.0}","{""X1"": [], ""X2"": [], ""X3"": [], ""X4"": [], ""X5"": [""X2""], ""t"": [""X1"", ""X2"", ""X3"", ""X4""], ""y"": [""X3"", ""X4"", ""X5"", ""t""]}"
Additive nonlinear,additive_sine,Case 4,4,9,"X1, X2, X3, X4, X5, X6, X7, t, y","X1, X2, X3, X4, X5, X6, X7","X1, X2, X3, X4, X6, X7","X1, X2, X3, X4, X6, X7","X1, X3, X4, X7","{""X1"": 0.0, ""X2"": 0.034889, ""X3"": 0.0, ""X4"": 0.0, ""X7"": 7e-06}","{""X1"": [], ""X2"": [], ""X3"": [], ""X4"": [], ""X5"": [""X2""], ""X6"": [], ""X7"": [""X6""], ""t"": [""X1"", ""X2"", ""X3"", ""X4"", ""X7""], ""y"": [""X3"", ""X4"", ""X5"", ""t""]}"
Multiplicative noise,multiplicative,Case 1,1,0,"X1, X2, X3, X4, X5, X6, X7, X8, t, y","X1, X2, X3, X4, X5, X6, X7, X8","X1, X2, X3, X4, X5, X6, X7, X8","X1, X2, X3, X4, X5, X6, X7, X8","X2, X3, X8","{""X2"": 0.0, ""X3"": 0.0, ""X8"": 0.0}","{""X1"": [], ""X2"": [""X7"", ""X8""], ""X3"": [""X7""], ""X4"": [""X1""], ""X5"": [], ""X6"": [""X5""], ""X7"": [""X4"", ""X5""], ""X8"": [""X4"", ""X6"", ""X7""], ""t"": [""X2"", ""X3"", ""X8""], ""y"": [""X4"", ""t""]}"
Multiplicative noise,multiplicative,Case 1,1,1,"X1, X2, X3, X4, X5, X6, X7, X8, t, y","X1, X2, X3, X4, X5, X6, X7, X8","X1, X2, X3, X4, X5, X6, X7, X8","X1, X2, X3, X4, X5, X6, X7, X8","X2, X3, X8","{""X2"": 0.0, ""X3"": 0.0, ""X8"": 0.0}","{""X1"": [], ""X2"": [""X7""], ""X3"": [""X7""], ""X4"": [""X1""], ""X5"": [], ""X6"": [""X5""], ""X7"": [""X4"", ""X5""], ""X8"": [""X6"", ""X7""], ""t"": [""X2"", ""X3"", ""X8""], ""y"": [""X4"", ""t""]}"
Multiplicative noise,multiplicative,Case 1,1,2,"X1, X2, X3, X4, X5, X7, X8, t, y","X1, X2, X3, X4, X5, X7, X8","X2, X3, X5, X7, X8","X2, X3, X5, X7, X8","X2, X3","{""X2"": 0.0, ""X3"": 0.000279}","{""X1"": [""X7""], ""X2"": [""X7""], ""X3"": [""X8""], ""X4"": [""X1"", ""X7""], ""X5"": [], ""X7"": [""X5"", ""X8""], ""X8"": [""X5""], ""t"": [""X2"", ""X3""], ""y"": [""X4"", ""X5"", ""t""]}"
Multiplicative noise,multiplicative,Case 1,1,3,"X1, X2, X3, X4, X5, X6, X7, X8, t, y","X1, X2, X3, X4, X5, X6, X7, X8","X1, X2, X3, X4, X5, X6, X7, X8","X1, X2, X3, X4, X5, X6, X7, X8","X2, X3, X8","{""X2"": 0.0, ""X3"": 8e-06, ""X8"": 0.0}","{""X1"": [], ""X2"": [""X7""], ""X3"": [""X7""], ""X4"": [""X1""], ""X5"": [], ""X6"": [""X5""], ""X7"": [""X4"", ""X5""], ""X8"": [""X4"", ""X6"", ""X7""], ""t"": [""X2"", ""X3"", ""X8""], ""y"": [""X4"", ""X6"", ""t""]}"
Multiplicative noise,multiplicative,Case 1,1,4,"X1, X2, X3, X4, X5, X7, X8, t, y","X1, X2, X3, X4, X5, X7, X8","X1, X2, X3, X4, X5, X7, X8","X1, X2, X3, X4, X5, X7, X8","X2, X3, X8","{""X2"": 0.0, ""X3"": 5.9e-05, ""X8"": 0.0}","{""X1"": [], ""X2"": [""X7""], ""X3"": [], ""X4"": [""X1""], ""X5"": [], ""X7"": [""X4"", ""X5""], ""X8"": [""X5"", ""X7""], ""t"": [""X2"", ""X3"", ""X8""], ""y"": [""X4"", ""t""]}"
Multiplicative noise,multiplicative,Case 1,1,5,"X1, X2, X3, X4, X5, X6, X7, t, y","X1, X2, X3, X4, X5, X7","X1, X2, X3, X4, X5, X7","X1, X2, X3, X4, X5, X7","X2, X3, X7","{""X2"": 0.0, ""X3"": 0.0, ""X7"": 0.0}","{""X1"": [], ""X2"": [""X7""], ""X3"": [""X7""], ""X4"": [""X1""], ""X5"": [], ""X6"": [], ""X7"": [""X4"", ""X5""], ""t"": [""X2"", ""X3"", ""X7""], ""y"": [""X4"", ""t""]}"
Multiplicative noise,multiplicative,Case 1,1,6,"X1, X2, X3, X4, X5, X6, X7, X8, t, y","X1, X2, X3, X4, X5, X6, X7, X8","X1, X2, X3, X4, X5, X6, X7, X8","X1, X2, X3, X4, X5, X6, X7, X8","X2, X3, X8","{""X2"": 0.0, ""X3"": 0.0, ""X8"": 0.0}","{""X1"": [], ""X2"": [""X7""], ""X3"": [""X7""], ""X4"": [""X1""], ""X5"": [], ""X6"": [], ""X7"": [""X4"", ""X5""], ""X8"": [""X5"", ""X6"", ""X7""], ""t"": [""X2"", ""X3"", ""X8""], ""y"": [""X4"", ""t""]}"
Multiplicative noise,multiplicative,Case 1,1,7,"X1, X2, X3, X4, X5, X7, X8, t, y","X1, X2, X3, X4, X5, X7, X8","X1, X2, X3, X4, X5, X7, X8","X1, X2, X3, X4, X5, X7, X8","X2, X3, X8","{""X2"": 0.0, ""X3"": 1.8e-05, ""X8"": 0.0}","{""X1"": [], ""X2"": [""X7""], ""X3"": [""X7""], ""X4"": [""X1""], ""X5"": [], ""X7"": [""X4"", ""X5""], ""X8"": [""X5"", ""X7""], ""t"": [""X2"", ""X3"", ""X8""], ""y"": [""X4"", ""t""]}"
Multiplicative noise,multiplicative,Case 1,1,8,"X1, X2, X3, X4, X6, X7, X8, t, y","X1, X2, X3, X4, X6, X7, X8","X1, X2, X3, X4, X6, X7, X8","X1, X2, X3, X4, X6, X7, X8","X2, X3, X8","{""X2"": 0.0, ""X3"": 0.0, ""X8"": 0.0}","{""X1"": [], ""X2"": [""X7""], ""X3"": [], ""X4"": [""X1""], ""X6"": [], ""X7"": [""X4"", ""X6""], ""X8"": [""X6"", ""X7""], ""t"": [""X2"", ""X3"", ""X8""], ""y"": [""X4"", ""t""]}"
Multiplicative noise,multiplicative,Case 1,1,9,"X1, X2, X3, X4, X5, X7, t, y","X1, X2, X3, X4, X5, X7","X1, X2, X3, X4, X5, X7","X1, X2, X3, X4, X5, X7","X2, X3","{""X2"": 0.0, ""X3"": 0.0}","{""X1"": [], ""X2"": [""X7""], ""X3"": [], ""X4"": [""X1""], ""X5"": [], ""X7"": [""X4"", ""X5""], ""t"": [""X2"", ""X3""], ""y"": [""X4"", ""t""]}"
Multiplicative noise,multiplicative,Case 2,2,0,"X1, X2, X3, X4, X5, X6, X7, X8, X9, t, y","X1, X2, X3, X4, X6, X7, X8, X9","X1, X2, X3, X6, X7, X9","X1, X2, X3, X6, X7, X9","X2, X3","{""X2"": 0.0, ""X3"": 0.0}","{""X1"": [], ""X2"": [""X6"", ""X9""], ""X3"": [""X6""], ""X4"": [""X1""], ""X5"": [""X3""], ""X6"": [""X9""], ""X7"": [], ""X8"": [""X4""], ""X9"": [""X1"", ""X7""], ""t"": [""X2"", ""X3""], ""y"": [""X7"", ""X8"", ""t""]}"
Multiplicative noise,multiplicative,Case 2,2,1,"X1, X2, X3, X4, X5, X6, X7, X8, X9, t, y","X1, X2, X4, X6, X7, X8, X9","X1, X2, X3, X6, X7, X9","X1, X2, X6, X7, X9","X2, X3","{""X2"": 0.0, ""X3"": 0.0}","{""X1"": [], ""X2"": [""X6"", ""X9""], ""X3"": [""X6""], ""X4"": [""X1""], ""X5"": [""X3""], ""X6"": [""X7"", ""X9""], ""X7"": [], ""X8"": [""X4""], ""X9"": [""X1"", ""X7""], ""t"": [""X2"", ""X3""], ""y"": [""X2"", ""X7"", ""X8""]}"
Multiplicative noise,multiplicative,Case 2,2,2,"X1, X2, X3, X4, X5, X6, X7, X8, X9, t, y","X1, X4, X7, X8","X1, X2, X3, X6, X7, X9","X1, X7","X2, X3","{""X2"": 0.0, ""X3"": 0.0}","{""X1"": [], ""X2"": [""X6"", ""X9""], ""X3"": [""X6""], ""X4"": [""X1""], ""X5"": [""X3""], ""X6"": [""X7"", ""X9""], ""X7"": [], ""X8"": [""X4""], ""X9"": [""X1"", ""X7""], ""t"": [""X2"", ""X3""], ""y"": [""X7"", ""X8""]}"
Multiplicative noise,multiplicative,Case 2,2,3,"X1, X2, X3, X4, X5, X6, X7, X8, X9, t, y","X1, X2, X4, X6, X7, X8, X9","X1, X2, X3, X6, X7, X9","X1, X2, X6, X7, X9","X2, X3","{""X2"": 0.0, ""X3"": 0.0}","{""X1"": [], ""X2"": [""X6"", ""X9""], ""X3"": [""X6""], ""X4"": [""X1""], ""X5"": [""X3""], ""X6"": [""X7"", ""X9""], ""X7"": [], ""X8"": [""X4""], ""X9"": [""X1"", ""X7""], ""t"": [""X2"", ""X3""], ""y"": [""X2"", ""X7"", ""X8""]}"
Multiplicative noise,multiplicative,Case 2,2,4,"X1, X2, X3, X4, X5, X6, X7, X8, X9, t, y","X1, X2, X4, X6, X7, X8, X9","X1, X2, X3, X4, X6, X7, X8, X9","X1, X2, X4, X6, X7, X8, X9","X2, X3","{""X2"": 0.0, ""X3"": 0.0}","{""X1"": [], ""X2"": [""X6"", ""X9""], ""X3"": [""X6""], ""X4"": [""X1""], ""X5"": [""X3""], ""X6"": [""X7"", ""X9""], ""X7"": [], ""X8"": [""X4""], ""X9"": [""X7"", ""X8""], ""t"": [""X2"", ""X3""], ""y"": [""X2"", ""X7"", ""X8""]}"
Multiplicative noise,multiplicative,Case 2,2,5,"X1, X2, X3, X4, X5, X6, X7, X8, X9, t, y","X1, X2, X4, X6, X7, X8, X9","X1, X2, X3, X4, X6, X7, X8, X9","X1, X2, X4, X6, X7, X8, X9","X2, X3","{""X2"": 0.0, ""X3"": 0.0}","{""X1"": [], ""X2"": [""X6"", ""X9""], ""X3"": [""X6""], ""X4"": [], ""X5"": [""X3""], ""X6"": [""X7"", ""X9""], ""X7"": [], ""X8"": [""X1"", ""X4""], ""X9"": [""X7"", ""X8""], ""t"": [""X2"", ""X3""], ""y"": [""X2"", ""X7"", ""X8""]}"
Multiplicative noise,multiplicative,Case 2,2,6,"X1, X2, X3, X4, X5, X6, X7, X8, X9, t, y","X1, X2, X3, X4, X6, X7, X8, X9","X1, X2, X3, X4, X6, X7, X8, X9","X1, X2, X3, X4, X6, X7, X8, X9","X2, X3","{""X2"": 0.0, ""X3"": 0.0}","{""X1"": [], ""X2"": [""X6"", ""X9""], ""X3"": [""X6""], ""X4"": [""X1""], ""X5"": [""X3""], ""X6"": [""X7"", ""X9""], ""X7"": [], ""X8"": [""X4""], ""X9"": [""X7"", ""X8""], ""t"": [""X2"", ""X3""], ""y"": [""X7"", ""X8"", ""t""]}"
Multiplicative noise,multiplicative,Case 2,2,7,"X1, X2, X3, X4, X5, X6, X7, X8, X9, t, y","X1, X2, X6, X7, X8, X9","X1, X2, X3, X6, X7, X8, X9","X1, X2, X6, X7, X8, X9","X2, X3","{""X2"": 0.0, ""X3"": 0.0}","{""X1"": [], ""X2"": [""X6"", ""X9""], ""X3"": [""X6""], ""X4"": [""X1""], ""X5"": [""X3""], ""X6"": [""X7"", ""X9""], ""X7"": [], ""X8"": [], ""X9"": [""X1"", ""X7"", ""X8""], ""t"": [""X2"", ""X3""], ""y"": [""X2"", ""X7"", ""X8""]}"
Multiplicative noise,multiplicative,Case 2,2,8,"X1, X2, X3, X4, X5, X6, X7, X8, X9, t, y","X1, X4, X6, X7, X8, X9","X1, X2, X3, X4, X6, X7, X8, X9","X1, X4, X6, X7, X8, X9","X2, X3","{""X2"": 0.0, ""X3"": 0.0}","{""X1"": [], ""X2"": [""X6"", ""X9""], ""X3"": [""X6""], ""X4"": [""X1""], ""X5"": [""t""], ""X6"": [""X7"", ""X9""], ""X7"": [], ""X8"": [""X4""], ""X9"": [""X7"", ""X8""], ""t"": [""X2"", ""X3""], ""y"": [""X6"", ""X7"", ""X8""]}"
Multiplicative noise,multiplicative,Case 2,2,9,"X1, X2, X3, X4, X5, X6, X7, X8, X9, t, y","X1, X4, X6, X7, X8, X9","X1, X2, X3, X4, X6, X7, X9","X1, X4, X6, X7, X9","X2, X3","{""X2"": 0.0, ""X3"": 0.0}","{""X1"": [], ""X2"": [""X6"", ""X9""], ""X3"": [""X6""], ""X4"": [""X1""], ""X5"": [""t""], ""X6"": [""X7"", ""X9""], ""X7"": [], ""X8"": [""X4""], ""X9"": [""X4"", ""X7""], ""t"": [""X2"", ""X3""], ""y"": [""X6"", ""X7"", ""X8""]}"
Multiplicative noise,multiplicative,Case 3,3,0,"X1, X2, X3, X4, X5, X6, X7, t, y","X1, X3, X4, X5, X6, X7","X2, X3, X6, X7","X3, X6, X7","X2, X3, X6, X7","{""X2"": 0.0, ""X3"": 0.0, ""X6"": 0.0, ""X7"": 0.0}","{""X1"": [], ""X2"": [""X6"", ""X7""], ""X3"": [""X6"", ""X7""], ""X4"": [""X1""], ""X5"": [""X3"", ""X6""], ""X6"": [""X7""], ""X7"": [], ""t"": [""X2"", ""X3"", ""X6"", ""X7""], ""y"": [""X4"", ""X5""]}"
Multiplicative noise,multiplicative,Case 3,3,1,"X1, X2, X3, X4, X5, X6, X7, t, y","X1, X3, X4, X5, X6, X7","X2, X3, X6, X7","X3, X6, X7","X2, X3, X6, X7","{""X2"": 0.0, ""X3"": 0.0, ""X6"": 0.0, ""X7"": 0.0}","{""X1"": [], ""X2"": [""X6"", ""X7""], ""X3"": [""X6"", ""X7""], ""X4"": [""X1""], ""X5"": [""X3"", ""X6""], ""X6"": [""X7""], ""X7"": [], ""t"": [""X2"", ""X3"", ""X6"", ""X7""], ""y"": [""X4"", ""X5""]}"
Multiplicative noise,multiplicative,Case 3,3,2,"X1, X2, X3, X4, X5, X6, X7, t, y","X1, X2, X4, X5, X6, X7","X1, X2, X3, X4, X5, X6, X7","X1, X2, X4, X5, X6, X7","X2, X3, X6, X7","{""X2"": 0.0, ""X3"": 0.0, ""X6"": 0.0, ""X7"": 0.0}","{""X1"": [], ""X2"": [""X6"", ""X7""], ""X3"": [""X6"", ""X7""], ""X4"": [""X1""], ""X5"": [], ""X6"": [""X7""], ""X7"": [""X4"", ""X5""], ""t"": [""X2"", ""X3"", ""X6"", ""X7""], ""y"": [""X2"", ""X4"", ""X5""]}"
Multiplicative noise,multiplicative,Case 3,3,3,"X1, X2, X3, X4, X5, X6, X7, t, y","X1, X3, X4, X5, X6, X7","X1, X2, X3, X4, X6, X7","X1, X3, X4, X6, X7","X2, X3, X6, X7","{""X2"": 0.0, ""X3"": 0.0, ""X6"": 0.0, ""X7"": 0.0}","{""X1"": [], ""X2"": [""X6"", ""X7""], ""X3"": [""X7""], ""X4"": [""X1""], ""X5"": [""X3"", ""X6""], ""X6"": [""X7""], ""X7"": [""X4""], ""t"": [""X2"", ""X3"", ""X6"", ""X7""], ""y"": [""X4"", ""X5""]}"
Multiplicative noise,multiplicative,Case 3,3,4,"X1, X2, X3, X4, X5, X6, X7, t, y","X1, X2, X3, X4, X5, X6, X7","X1, X2, X3, X4, X7","X1, X2, X3, X4, X7","X2, X3, X7","{""X2"": 0.0, ""X3"": 0.0, ""X7"": 0.0}","{""X1"": [], ""X2"": [""X7""], ""X3"": [""X7""], ""X4"": [""X1""], ""X5"": [""X3"", ""X6""], ""X6"": [""X2"", ""t""], ""X7"": [""X4""], ""t"": [""X2"", ""X3"", ""X7""], ""y"": [""X4"", ""X5""]}"
Multiplicative noise,multiplicative,Case 3,3,5,"X1, X2, X3, X4, X5, X6, X7, t, y","X1, X2, X3, X4, X5, X6, X7","X1, X2, X3, X4, X6, X7","X1, X2, X3, X4, X6, X7","X2, X3, X6, X7","{""X2"": 0.0, ""X3"": 0.0, ""X6"": 0.0, ""X7"": 0.0}","{""X1"": [], ""X2"": [""X6"", ""X7""], ""X3"": [""X6"", ""X7""], ""X4"": [""X1""], ""X5"": [""X3"", ""X6""], ""X6"": [""X4"", ""X7""], ""X7"": [""X4""], ""t"": [""X2"", ""X3"", ""X6"", ""X7""], ""y"": [""X2"", ""X4"", ""X5""]}"
Multiplicative noise,multiplicative,Case 3,3,6,"X1, X2, X3, X4, X5, X6, X7, t, y","X1, X3, X4, X5, X6, X7","X2, X3, X6, X7","X3, X6, X7","X2, X3, X6, X7","{""X2"": 0.0, ""X3"": 0.0, ""X6"": 0.0, ""X7"": 0.0}","{""X1"": [], ""X2"": [""X6"", ""X7""], ""X3"": [""X7""], ""X4"": [""X1""], ""X5"": [""X3"", ""X6""], ""X6"": [""X7""], ""X7"": [], ""t"": [""X2"", ""X3"", ""X6"", ""X7""], ""y"": [""X4"", ""X5""]}"
Multiplicative noise,multiplicative,Case 3,3,7,"X1, X2, X3, X4, X5, X6, X7, t, y","X1, X2, X3, X4, X5, X6, X7","X1, X2, X3, X4, X7","X1, X2, X3, X4, X7","X2, X3, X7","{""X2"": 0.0, ""X3"": 0.0, ""X7"": 0.0}","{""X1"": [], ""X2"": [""X7""], ""X3"": [""X7""], ""X4"": [""X1""], ""X5"": [""X3"", ""X6""], ""X6"": [""X3"", ""t""], ""X7"": [""X4""], ""t"": [""X2"", ""X3"", ""X7""], ""y"": [""X2"", ""X4"", ""X5""]}"
Multiplicative noise,multiplicative,Case 3,3,8,"X1, X2, X3, X4, X5, X6, X7, t, y","X1, X2, X3, X4, X5, X6, X7","X2, X3, X6, X7","X2, X3, X6, X7","X2, X3, X6, X7","{""X2"": 0.0, ""X3"": 0.0, ""X6"": 0.0, ""X7"": 0.0}","{""X1"": [], ""X2"": [""X6"", ""X7""], ""X3"": [""X7""], ""X4"": [""X1""], ""X5"": [""X3"", ""t""], ""X6"": [""X7""], ""X7"": [], ""t"": [""X2"", ""X3"", ""X6"", ""X7""], ""y"": [""X4"", ""X5""]}"
Multiplicative noise,multiplicative,Case 3,3,9,"X1, X2, X3, X4, X5, X6, X7, t, y","X1, X4, X5","X1, X2, X3, X4, X5, X6, X7","X1, X4, X5","X2, X3, X7","{""X2"": 0.0, ""X3"": 0.0, ""X7"": 0.0}","{""X1"": [], ""X2"": [""X6"", ""X7""], ""X3"": [""X6"", ""X7""], ""X4"": [""X1""], ""X5"": [], ""X6"": [""X5""], ""X7"": [""X4"", ""X5""], ""t"": [""X2"", ""X3"", ""X7""], ""y"": [""X4"", ""X5""]}"
Multiplicative noise,multiplicative,Case 4,4,0,"X1, X2, X3, X4, X5, X6, X7, t, y","X1, X2, X3, X4, X5, X6, X7","X1, X2, X3, X4, X6, X7","X1, X2, X3, X4, X6, X7","X1, X2, X3, X4","{""X1"": 0.0, ""X2"": 0.0, ""X3"": 0.0, ""X4"": 0.0, ""X7"": 0.223644}","{""X1"": [""X6""], ""X2"": [""X6""], ""X3"": [""X6"", ""X7""], ""X4"": [""X7""], ""X5"": [""X7"", ""t""], ""X6"": [], ""X7"": [""X6""], ""t"": [""X1"", ""X2"", ""X3"", ""X4"", ""X7""], ""y"": [""X2"", ""X3"", ""X4"", ""X5"", ""t""]}"
Multiplicative noise,multiplicative,Case 4,4,1,"X1, X2, X3, X4, X5, X6, X7, t, y","X1, X2, X3, X4, X5, X6, X7","X1, X2, X3, X4, X6, X7","X1, X2, X3, X4, X6, X7","X1, X2, X3, X4","{""X1"": 0.0, ""X2"": 1e-06, ""X3"": 0.0, ""X4"": 0.0, ""X7"": 0.420199}","{""X1"": [""X6""], ""X2"": [""X6""], ""X3"": [""X6"", ""X7""], ""X4"": [""X6"", ""X7""], ""X5"": [""X2""], ""X6"": [], ""X7"": [""X6""], ""t"": [""X1"", ""X2"", ""X3"", ""X4"", ""X7""], ""y"": [""X1"", ""X3"", ""X4"", ""X5"", ""t""]}"
Multiplicative noise,multiplicative,Case 4,4,2,"X1, X2, X3, X4, X6, X7, t, y","X1, X2, X3, X4, X6, X7","X1, X2, X3, X4, X6, X7","X1, X2, X3, X4, X6, X7","X1, X2, X3, X4","{""X1"": 0.0, ""X2"": 0.0, ""X3"": 0.0, ""X4"": 0.0, ""X7"": 0.163511}","{""X1"": [""X6""], ""X2"": [""X6""], ""X3"": [""X7""], ""X4"": [""X7""], ""X6"": [], ""X7"": [""X6""], ""t"": [""X1"", ""X2"", ""X3"", ""X4"", ""X7""], ""y"": [""X2"", ""X3"", ""X4"", ""t""]}"
Multiplicative noise,multiplicative,Case 4,4,3,"X1, X2, X3, X4, X5, X6, X7, t, y","X1, X2, X3, X4, X5, X6, X7","X1, X2, X3, X4, X6, X7","X1, X2, X3, X4, X6, X7","X1, X2, X3, X4","{""X1"": 0.0, ""X2"": 0.0, ""X3"": 0.0, ""X4"": 0.0, ""X7"": 0.267591}","{""X1"": [""X6""], ""X2"": [""X6""], ""X3"": [""X7""], ""X4"": [""X6"", ""X7""], ""X5"": [""X7"", ""t""], ""X6"": [], ""X7"": [""X6""], ""t"": [""X1"", ""X2"", ""X3"", ""X4"", ""X7""], ""y"": [""X2"", ""X3"", ""X4"", ""X5"", ""t""]}"
Multiplicative noise,multiplicative,Case 4,4,4,"X1, X2, X3, X4, X5, X6, X7, t, y","X1, X2, X3, X4, X5, X6, X7","X1, X2, X3, X4, X6, X7","X1, X2, X3, X4, X6, X7","X1, X2, X3, X4","{""X1"": 0.0, ""X2"": 3e-06, ""X3"": 0.0, ""X4"": 0.0, ""X7"": 0.42603}","{""X1"": [""X6""], ""X2"": [""X6""], ""X3"": [""X6"", ""X7""], ""X4"": [""X7""], ""X5"": [""X2""], ""X6"": [], ""X7"": [""X6""], ""t"": [""X1"", ""X2"", ""X3"", ""X4"", ""X7""], ""y"": [""X3"", ""X4"", ""X5"", ""t""]}"
Multiplicative noise,multiplicative,Case 4,4,5,"X1, X2, X3, X4, X5, X6, X7, t, y","X1, X2, X3, X4, X5, X6, X7","X1, X2, X3, X4, X6, X7","X1, X2, X3, X4, X6, X7","X1, X2, X3, X4","{""X1"": 0.0, ""X2"": 0.0, ""X3"": 0.0, ""X4"": 0.0, ""X7"": 0.660113}","{""X1"": [""X6""], ""X2"": [""X6""], ""X3"": [""X6"", ""X7""], ""X4"": [""X7""], ""X5"": [""t""], ""X6"": [], ""X7"": [""X6""], ""t"": [""X1"", ""X2"", ""X3"", ""X4"", ""X7""], ""y"": [""X2"", ""X3"", ""X4"", ""X5"", ""t""]}"
Multiplicative noise,multiplicative,Case 4,4,6,"X1, X2, X3, X4, X5, X6, X7, t, y","X1, X2, X3, X4, X5, X6, X7","X1, X2, X3, X4, X6, X7","X1, X2, X3, X4, X6, X7","X1, X2, X3, X4","{""X1"": 0.0, ""X2"": 0.0, ""X3"": 0.0, ""X4"": 0.0, ""X7"": 0.653118}","{""X1"": [""X6""], ""X2"": [""X6""], ""X3"": [""X7""], ""X4"": [""X7""], ""X5"": [""t""], ""X6"": [], ""X7"": [""X6""], ""t"": [""X1"", ""X2"", ""X3"", ""X4"", ""X7""], ""y"": [""X2"", ""X3"", ""X4"", ""X5"", ""t""]}"
Multiplicative noise,multiplicative,Case 4,4,7,"X1, X2, X3, X4, X5, X6, X7, t, y","X1, X2, X3, X4, X5, X6, X7","X1, X2, X3, X4, X6, X7","X1, X2, X3, X4, X6, X7","X1, X2, X3, X4","{""X1"": 0.0, ""X2"": 1e-06, ""X3"": 0.0, ""X4"": 0.0, ""X7"": 0.221362}","{""X1"": [""X6""], ""X2"": [""X6""], ""X3"": [""X7""], ""X4"": [""X7""], ""X5"": [""X2""], ""X6"": [], ""X7"": [""X6""], ""t"": [""X1"", ""X2"", ""X3"", ""X4"", ""X7""], ""y"": [""X3"", ""X4"", ""X5"", ""t""]}"
Multiplicative noise,multiplicative,Case 4,4,8,"X1, X2, X3, X4, X5, X6, X7, t, y","X1, X2, X3, X4, X5, X6, X7","X1, X2, X3, X4, X6, X7","X1, X2, X3, X4, X6, X7","X1, X2, X3, X4","{""X1"": 0.0, ""X2"": 0.0, ""X3"": 0.0, ""X4"": 0.0, ""X7"": 0.278866}","{""X1"": [""X6"", ""X7""], ""X2"": [""X6""], ""X3"": [""X7""], ""X4"": [""X7""], ""X5"": [""X7"", ""t""], ""X6"": [], ""X7"": [""X6""], ""t"": [""X1"", ""X2"", ""X3"", ""X4"", ""X7""], ""y"": [""X1"", ""X2"", ""X3"", ""X4"", ""X5"", ""t""]}"
Multiplicative noise,multiplicative,Case 4,4,9,"X1, X2, X3, X4, X5, X6, X7, t, y","X1, X2, X3, X4, X5, X6, X7","X1, X2, X3, X4, X6, X7","X1, X2, X3, X4, X6, X7","X1, X2, X3, X4","{""X1"": 0.0, ""X2"": 0.0, ""X3"": 0.0, ""X4"": 0.0, ""X7"": 0.937883}","{""X1"": [""X6""], ""X2"": [""X6""], ""X3"": [""X7""], ""X4"": [""X7""], ""X5"": [""X7"", ""t""], ""X6"": [], ""X7"": [""X6""], ""t"": [""X1"", ""X2"", ""X3"", ""X4"", ""X7""], ""y"": [""X2"", ""X3"", ""X4"", ""X5"", ""t""]}"
Heteroscedastic noise,heteroscedastic,Case 1,1,0,"X1, X2, X3, X4, X5, X6, X7, X8, t, y","X1, X2, X3, X4, X5, X6, X7, X8","X1, X2, X3, X4, X6, X7, X8","X1, X2, X3, X4, X6, X7, X8","X3, X8","{""X2"": 0.025614, ""X3"": 3.5e-05, ""X8"": 0.0}","{""X1"": [], ""X2"": [], ""X3"": [""X7""], ""X4"": [""X1""], ""X5"": [""X3"", ""X6"", ""X8""], ""X6"": [], ""X7"": [""X4"", ""X6""], ""X8"": [""X4"", ""X6"", ""X7""], ""t"": [""X2"", ""X3"", ""X8""], ""y"": [""X4"", ""X5"", ""X8"", ""t""]}"
Heteroscedastic noise,heteroscedastic,Case 1,1,1,"X1, X2, X3, X4, X5, X6, X7, X8, t, y","X1, X2, X3, X4, X5, X6, X7, X8","X2, X3, X6, X7, X8","X2, X3, X6, X7, X8","X2, X3, X7, X8","{""X2"": 1e-06, ""X3"": 0.0, ""X7"": 0.0, ""X8"": 0.0}","{""X1"": [], ""X2"": [], ""X3"": [""X7"", ""X8""], ""X4"": [""X1""], ""X5"": [""X3"", ""X6"", ""X8""], ""X6"": [], ""X7"": [""X6"", ""X8""], ""X8"": [""X6""], ""t"": [""X2"", ""X3"", ""X7"", ""X8""], ""y"": [""X4"", ""X5"", ""X8"", ""t""]}"
Heteroscedastic noise,heteroscedastic,Case 1,1,2,"X1, X2, X3, X4, X5, X6, X7, X8, t, y","X1, X2, X3, X4, X5, X6, X7, X8","X1, X2, X3, X4, X6, X7, X8","X1, X2, X3, X4, X6, X7, X8","X2, X3, X7, X8","{""X2"": 3.7e-05, ""X3"": 1e-06, ""X7"": 0.0, ""X8"": 0.0}","{""X1"": [], ""X2"": [], ""X3"": [""X7""], ""X4"": [""X1""], ""X5"": [""X3"", ""X6"", ""X8""], ""X6"": [], ""X7"": [""X4"", ""X6""], ""X8"": [""X6""], ""t"": [""X2"", ""X3"", ""X7"", ""X8""], ""y"": [""X4"", ""X5"", ""X8"", ""t""]}"
Heteroscedastic noise,heteroscedastic,Case 1,1,3,"X1, X2, X3, X4, X5, X6, X7, X8, t, y","X1, X2, X3, X4, X5, X6, X7, X8","X1, X2, X3, X4, X6, X7, X8","X1, X2, X3, X4, X6, X7, X8","X2, X3, X8","{""X2"": 1e-06, ""X3"": 0.0, ""X8"": 0.0}","{""X1"": [], ""X2"": [], ""X3"": [""X7""], ""X4"": [""X1""], ""X5"": [""X3"", ""X8""], ""X6"": [], ""X7"": [""X6""], ""X8"": [""X4"", ""X6"", ""X7""], ""t"": [""X2"", ""X3"", ""X8""], ""y"": [""X4"", ""X5"", ""X8"", ""t""]}"
Heteroscedastic noise,heteroscedastic,Case 1,1,4,"X1, X2, X3, X4, X5, X6, X7, X8, t, y","X1, X2, X3, X4, X5, X6, X7, X8","X2, X3, X6, X7","X2, X3, X6, X7","X2, X3, X7","{""X2"": 0.0, ""X3"": 0.0, ""X7"": 0.0}","{""X1"": [], ""X2"": [], ""X3"": [], ""X4"": [""X1""], ""X5"": [""X3"", ""X6"", ""X8""], ""X6"": [], ""X7"": [""X6""], ""X8"": [""X3"", ""X6"", ""X7"", ""t""], ""t"": [""X2"", ""X3"", ""X7""], ""y"": [""X4"", ""X5"", ""X8"", ""t""]}"
Heteroscedastic noise,heteroscedastic,Case 1,1,5,"X1, X2, X3, X4, X5, X6, X7, X8, t, y","X1, X2, X3, X4, X5, X6, X7, X8","X1, X2, X3, X4, X6, X7, X8","X1, X2, X3, X4, X6, X7, X8","X2, X3, X7, X8","{""X2"": 0.002071, ""X3"": 0.0, ""X7"": 0.0, ""X8"": 0.0}","{""X1"": [], ""X2"": [], ""X3"": [""X7""], ""X4"": [""X1""], ""X5"": [""X3"", ""X6"", ""X8""], ""X6"": [], ""X7"": [""X4"", ""X6""], ""X8"": [""X6""], ""t"": [""X2"", ""X3"", ""X7"", ""X8""], ""y"": [""X4"", ""X5"", ""X8"", ""t""]}"
Heteroscedastic noise,heteroscedastic,Case 1,1,6,"X1, X2, X3, X4, X5, X6, X7, X8, t, y","X1, X2, X3, X4, X5, X6, X7, X8","X1, X2, X3, X4, X6, X7, X8","X1, X2, X3, X4, X6, X7, X8","X2, X3, X7, X8","{""X2"": 1e-06, ""X3"": 2.6e-05, ""X7"": 0.0, ""X8"": 0.0}","{""X1"": [], ""X2"": [], ""X3"": [], ""X4"": [""X1""], ""X5"": [""X3"", ""X6"", ""X8""], ""X6"": [], ""X7"": [""X4"", ""X6""], ""X8"": [""X4"", ""X6""], ""t"": [""X2"", ""X3"", ""X7"", ""X8""], ""y"": [""X4"", ""X5"", ""X8"", ""t""]}"
Heteroscedastic noise,heteroscedastic,Case 1,1,7,"X1, X2, X3, X4, X5, X6, X7, X8, t, y","X1, X2, X3, X4, X5, X6, X7, X8","X2, X3, X6, X7, X8","X2, X3, X6, X7, X8","X2, X3, X7, X8","{""X2"": 0.0, ""X3"": 1.1e-05, ""X7"": 0.0, ""X8"": 0.0}","{""X1"": [], ""X2"": [], ""X3"": [""X7""], ""X4"": [""X1""], ""X5"": [""X3"", ""X6"", ""X8""], ""X6"": [], ""X7"": [""X6""], ""X8"": [""X6""], ""t"": [""X2"", ""X3"", ""X7"", ""X8""], ""y"": [""X4"", ""X5"", ""X8"", ""t""]}"
Heteroscedastic noise,heteroscedastic,Case 1,1,8,"X1, X2, X3, X4, X5, X6, X7, X8, t, y","X1, X2, X3, X4, X5, X6, X7, X8","X2, X3, X6, X7, X8","X2, X3, X6, X7, X8","X2, X3, X7, X8","{""X2"": 2e-06, ""X3"": 0.0, ""X7"": 0.0, ""X8"": 0.0}","{""X1"": [], ""X2"": [], ""X3"": [""X7""], ""X4"": [""X1""], ""X5"": [""X3"", ""X6"", ""X8""], ""X6"": [], ""X7"": [""X6"", ""X8""], ""X8"": [""X6""], ""t"": [""X2"", ""X3"", ""X7"", ""X8""], ""y"": [""X4"", ""X5"", ""X8"", ""t""]}"
Heteroscedastic noise,heteroscedastic,Case 1,1,9,"X1, X2, X3, X4, X5, X6, X7, X8, t, y","X1, X2, X3, X4, X5, X6, X7, X8","X2, X3, X5, X6, X7, X8","X2, X3, X5, X6, X7, X8","X2, X3, X5, X7, X8","{""X2"": 0.001375, ""X3"": 0.0, ""X5"": 0.0, ""X7"": 0.0, ""X8"": 0.0}","{""X1"": [], ""X2"": [], ""X3"": [], ""X4"": [""X1""], ""X5"": [""X6"", ""X7""], ""X6"": [], ""X7"": [""X6""], ""X8"": [""X6""], ""t"": [""X2"", ""X3"", ""X5"", ""X7"", ""X8""], ""y"": [""X3"", ""X4"", ""X5"", ""X8"", ""t""]}"
Heteroscedastic noise,heteroscedastic,Case 2,2,0,"X1, X2, X3, X4, X5, X6, X7, X8, X9, t, y","X1, X4, X7, X8, X9","X1, X2, X3, X4, X5, X7, X8, X9","X1, X4, X7, X8, X9","X2, X3","{""X2"": 0.007625, ""X3"": 0.0}","{""X1"": [], ""X2"": [], ""X3"": [""X5"", ""X9""], ""X4"": [""X1""], ""X5"": [""X7"", ""X9""], ""X6"": [""t""], ""X7"": [], ""X8"": [""X4""], ""X9"": [""X7"", ""X8""], ""t"": [""X2"", ""X3""], ""y"": [""X7"", ""X8"", ""X9""]}"
Heteroscedastic noise,heteroscedastic,Case 2,2,1,"X1, X2, X3, X4, X5, X6, X7, X8, X9, t, y","X1, X2, X3, X4, X5, X7, X8, X9","X1, X2, X3, X4, X5, X7, X8, X9","X1, X2, X3, X4, X5, X7, X8, X9","X2, X3","{""X2"": 0.001526, ""X3"": 0.0}","{""X1"": [], ""X2"": [], ""X3"": [""X5"", ""X9""], ""X4"": [""X1""], ""X5"": [""X7"", ""X9""], ""X6"": [""X2"", ""X3""], ""X7"": [], ""X8"": [""X4""], ""X9"": [""X7"", ""X8""], ""t"": [""X2"", ""X3""], ""y"": [""X7"", ""X8"", ""X9"", ""t""]}"
Heteroscedastic noise,heteroscedastic,Case 2,2,2,"X1, X2, X3, X4, X5, X6, X7, X8, X9, t, y","X1, X2, X3, X4, X5, X7, X8, X9","X2, X3, X5, X7, X9","X2, X3, X5, X7, X9","X2, X3","{""X2"": 0.0, ""X3"": 0.0}","{""X1"": [], ""X2"": [], ""X3"": [""X5"", ""X9""], ""X4"": [""X1""], ""X5"": [""X7"", ""X9""], ""X6"": [""X2"", ""X3""], ""X7"": [], ""X8"": [""X4""], ""X9"": [""X7""], ""t"": [""X2"", ""X3""], ""y"": [""X7"", ""X8"", ""X9"", ""t""]}"
Heteroscedastic noise,heteroscedastic,Case 2,2,3,"X1, X2, X3, X4, X5, X6, X7, X8, X9, t, y","X1, X2, X3, X4, X5, X6, X7, X8, X9",X2,X2,X2,"{""X2"": 7.8e-05}","{""X1"": [], ""X2"": [], ""X3"": [""t""], ""X4"": [""X1""], ""X5"": [""X3""], ""X6"": [""t""], ""X7"": [""X5"", ""X9""], ""X8"": [""X4"", ""X9""], ""X9"": [""X5"", ""X6""], ""t"": [""X2""], ""y"": [""X7"", ""X8"", ""X9""]}"
Heteroscedastic noise,heteroscedastic,Case 2,2,4,"X1, X2, X3, X4, X5, X6, X7, X8, X9, t, y","X1, X4, X7, X8, X9","X1, X2, X3, X4, X5, X7, X8, X9","X1, X4, X7, X8, X9","X2, X3","{""X2"": 1e-06, ""X3"": 0.0}","{""X1"": [], ""X2"": [], ""X3"": [""X5"", ""X9""], ""X4"": [""X1""], ""X5"": [""X7"", ""X9""], ""X6"": [""t""], ""X7"": [], ""X8"": [""X4""], ""X9"": [""X7"", ""X8""], ""t"": [""X2"", ""X3""], ""y"": [""X7"", ""X8"", ""X9""]}"
Heteroscedastic noise,heteroscedastic,Case 2,2,5,"X1, X2, X3, X4, X5, X6, X7, X8, X9, t, y","X1, X4, X7, X8, X9","X1, X2, X3, X4, X5, X7, X8, X9","X1, X4, X7, X8, X9",X3,"{""X2"": 0.030037, ""X3"": 0.0}","{""X1"": [], ""X2"": [], ""X3"": [""X5"", ""X9""], ""X4"": [""X1""], ""X5"": [""X7"", ""X9""], ""X6"": [""t""], ""X7"": [], ""X8"": [""X4""], ""X9"": [""X7"", ""X8""], ""t"": [""X2"", ""X3""], ""y"": [""X7"", ""X8"", ""X9""]}"
Heteroscedastic noise,heteroscedastic,Case 2,2,6,"X1, X2, X3, X4, X5, X6, X7, X8, X9, t, y","X1, X4, X7, X8, X9","X1, X2, X3, X4, X5, X7, X8, X9","X1, X4, X7, X8, X9","X2, X3","{""X2"": 0.0, ""X3"": 0.0}","{""X1"": [], ""X2"": [], ""X3"": [""X5"", ""X9""], ""X4"": [""X1""], ""X5"": [""X7"", ""X9""], ""X6"": [""t""], ""X7"": [], ""X8"": [""X4""], ""X9"": [""X7"", ""X8""], ""t"": [""X2"", ""X3""], ""y"": [""X7"", ""X8"", ""X9""]}"
Heteroscedastic noise,heteroscedastic,Case 2,2,7,"X1, X2, X3, X4, X5, X6, X7, X8, X9, t, y","X1, X4, X7, X8, X9","X1, X2, X3, X4, X5, X7, X8, X9","X1, X4, X7, X8, X9","X2, X3","{""X2"": 0.003059, ""X3"": 0.0}","{""X1"": [], ""X2"": [], ""X3"": [""X5"", ""X9""], ""X4"": [""X1""], ""X5"": [""X7"", ""X9""], ""X6"": [""t""], ""X7"": [], ""X8"": [""X4""], ""X9"": [""X7"", ""X8""], ""t"": [""X2"", ""X3""], ""y"": [""X7"", ""X8"", ""X9""]}"
Heteroscedastic noise,heteroscedastic,Case 2,2,8,"X1, X2, X3, X4, X5, X6, X7, X8, X9, t, y","X1, X4, X7, X8, X9","X1, X2, X3, X4, X5, X7, X8, X9","X1, X4, X7, X8, X9","X2, X3","{""X2"": 0.010394, ""X3"": 0.0}","{""X1"": [], ""X2"": [], ""X3"": [""X5"", ""X9""], ""X4"": [""X1""], ""X5"": [""X7"", ""X9""], ""X6"": [""t""], ""X7"": [], ""X8"": [""X4""], ""X9"": [""X7"", ""X8""], ""t"": [""X2"", ""X3""], ""y"": [""X4"", ""X7"", ""X8"", ""X9""]}"
Heteroscedastic noise,heteroscedastic,Case 2,2,9,"X1, X2, X3, X4, X5, X6, X7, X8, X9, t, y","X1, X4, X7, X8, X9","X1, X2, X3, X4, X5, X7, X8, X9","X1, X4, X7, X8, X9","X2, X3","{""X2"": 0.000188, ""X3"": 0.0}","{""X1"": [], ""X2"": [], ""X3"": [""X5"", ""X9""], ""X4"": [""X1""], ""X5"": [""X7"", ""X9""], ""X6"": [""t""], ""X7"": [], ""X8"": [""X4""], ""X9"": [""X7"", ""X8""], ""t"": [""X2"", ""X3""], ""y"": [""X7"", ""X8"", ""X9""]}"
Heteroscedastic noise,heteroscedastic,Case 3,3,0,"X1, X2, X3, X4, X5, X6, X7, t, y","X1, X2, X3, X4, X5, X6, X7","X2, X3, X6, X7","X2, X3, X6, X7","X2, X3, X6, X7","{""X2"": 2e-06, ""X3"": 0.0, ""X6"": 0.0, ""X7"": 0.0}","{""X1"": [], ""X2"": [""X6"", ""X7""], ""X3"": [""X6"", ""X7""], ""X4"": [""X1""], ""X5"": [""X3"", ""X7""], ""X6"": [""X7""], ""X7"": [], ""t"": [""X2"", ""X3"", ""X6"", ""X7""], ""y"": [""X4"", ""X5"", ""X7"", ""t""]}"
Heteroscedastic noise,heteroscedastic,Case 3,3,1,"X1, X2, X3, X4, X5, X6, X7, t, y","X1, X3, X4, X5, X6, X7","X2, X3, X6, X7","X3, X6, X7","X2, X3, X6, X7","{""X2"": 1e-06, ""X3"": 0.0, ""X6"": 0.0, ""X7"": 0.0}","{""X1"": [], ""X2"": [""X6"", ""X7""], ""X3"": [""X6"", ""X7""], ""X4"": [""X1""], ""X5"": [""X3"", ""X6"", ""X7""], ""X6"": [""X7""], ""X7"": [], ""t"": [""X2"", ""X3"", ""X6"", ""X7""], ""y"": [""X4"", ""X5"", ""X6"", ""X7""]}"
Heteroscedastic noise,heteroscedastic,Case 3,3,2,"X1, X2, X3, X4, X5, X6, X7, t, y","X1, X2, X3, X4, X5, X6, X7","X2, X3, X6, X7","X2, X3, X6, X7","X3, X6, X7","{""X2"": 0.72441, ""X3"": 0.0, ""X6"": 0.0, ""X7"": 0.0}","{""X1"": [], ""X2"": [""X6"", ""X7""], ""X3"": [""X6"", ""X7""], ""X4"": [""X1""], ""X5"": [""X3"", ""X6""], ""X6"": [""X7""], ""X7"": [], ""t"": [""X2"", ""X3"", ""X6"", ""X7""], ""y"": [""X2"", ""X4"", ""X5"", ""X7""]}"
Heteroscedastic noise,heteroscedastic,Case 3,3,3,"X1, X2, X3, X4, X5, X6, X7, t, y","X1, X2, X3, X4, X5, X6, X7","X2, X3, X6, X7","X2, X3, X6, X7","X2, X3, X6, X7","{""X2"": 0.000186, ""X3"": 0.0, ""X6"": 0.0, ""X7"": 0.0}","{""X1"": [], ""X2"": [""X6"", ""X7""], ""X3"": [""X6"", ""X7""], ""X4"": [""X1""], ""X5"": [""X3"", ""X6""], ""X6"": [""X7""], ""X7"": [], ""t"": [""X2"", ""X3"", ""X6"", ""X7""], ""y"": [""X4"", ""X5"", ""t""]}"
Heteroscedastic noise,heteroscedastic,Case 3,3,4,"X1, X2, X3, X4, X5, X6, X7, t, y","X1, X2, X3, X4, X5, X6, X7","X1, X2, X3, X4, X6, X7","X1, X2, X3, X4, X6, X7","X2, X3, X6, X7","{""X2"": 0.0, ""X3"": 0.0, ""X6"": 0.0, ""X7"": 0.0}","{""X1"": [], ""X2"": [""X6"", ""X7""], ""X3"": [""X6"", ""X7""], ""X4"": [""X1""], ""X5"": [""X3"", ""X6""], ""X6"": [""X7""], ""X7"": [""X4""], ""t"": [""X2"", ""X3"", ""X6"", ""X7""], ""y"": [""X4"", ""X5"", ""X7"", ""t""]}"
Heteroscedastic noise,heteroscedastic,Case 3,3,5,"X1, X2, X3, X4, X5, X6, X7, t, y","X1, X3, X4, X5, X6, X7","X2, X3, X6, X7","X3, X6, X7","X2, X3, X6, X7","{""X2"": 0.0, ""X3"": 0.0, ""X6"": 0.0, ""X7"": 0.0}","{""X1"": [], ""X2"": [""X6"", ""X7""], ""X3"": [""X6"", ""X7""], ""X4"": [""X1""], ""X5"": [""X3"", ""X7""], ""X6"": [""X7""], ""X7"": [], ""t"": [""X2"", ""X3"", ""X6"", ""X7""], ""y"": [""X4"", ""X5"", ""X6"", ""X7""]}"
Heteroscedastic noise,heteroscedastic,Case 3,3,6,"X1, X2, X3, X4, X5, X6, X7, t, y","X1, X3, X4, X5, X6, X7","X2, X3, X6, X7","X3, X6, X7","X2, X3, X6, X7","{""X2"": 0.005509, ""X3"": 0.0, ""X6"": 0.0, ""X7"": 0.0}","{""X1"": [], ""X2"": [""X6"", ""X7""], ""X3"": [""X6"", ""X7""], ""X4"": [""X1""], ""X5"": [""X3"", ""X7""], ""X6"": [""X7""], ""X7"": [], ""t"": [""X2"", ""X3"", ""X6"", ""X7""], ""y"": [""X4"", ""X5"", ""X6"", ""X7""]}"
Heteroscedastic noise,heteroscedastic,Case 3,3,7,"X1, X2, X3, X4, X5, X6, X7, t, y","X1, X3, X4, X5, X6, X7","X2, X3, X6, X7","X3, X6, X7","X3, X6, X7","{""X2"": 0.052575, ""X3"": 0.0, ""X6"": 0.0, ""X7"": 0.0}","{""X1"": [], ""X2"": [""X6"", ""X7""], ""X3"": [""X6"", ""X7""], ""X4"": [""X1""], ""X5"": [""X3"", ""X7""], ""X6"": [""X7""], ""X7"": [], ""t"": [""X2"", ""X3"", ""X6"", ""X7""], ""y"": [""X4"", ""X5"", ""X6"", ""X7""]}"
Heteroscedastic noise,heteroscedastic,Case 3,3,8,"X1, X2, X3, X4, X5, X6, X7, t, y","X1, X3, X4, X5, X6, X7","X2, X3, X6, X7","X3, X6, X7","X2, X3, X6, X7","{""X2"": 3.8e-05, ""X3"": 0.0, ""X6"": 0.0, ""X7"": 0.0}","{""X1"": [], ""X2"": [""X6"", ""X7""], ""X3"": [""X6"", ""X7""], ""X4"": [""X1""], ""X5"": [""X3"", ""X7""], ""X6"": [""X7""], ""X7"": [], ""t"": [""X2"", ""X3"", ""X6"", ""X7""], ""y"": [""X4"", ""X5"", ""X6"", ""X7""]}"
Heteroscedastic noise,heteroscedastic,Case 3,3,9,"X1, X2, X3, X4, X5, X6, X7, t, y","X1, X3, X4, X5, X6, X7","X1, X2, X3, X4, X6, X7","X1, X3, X4, X6, X7","X2, X3, X6, X7","{""X2"": 9e-06, ""X3"": 0.0, ""X6"": 0.0, ""X7"": 0.0}","{""X1"": [], ""X2"": [""X6"", ""X7""], ""X3"": [""X6"", ""X7""], ""X4"": [""X1""], ""X5"": [""X3"", ""X7""], ""X6"": [""X7""], ""X7"": [""X4""], ""t"": [""X2"", ""X3"", ""X6"", ""X7""], ""y"": [""X4"", ""X5"", ""X6"", ""X7""]}"
Heteroscedastic noise,heteroscedastic,Case 4,4,0,"X1, X2, X3, X4, X5, X6, X7, t, y","X1, X2, X3, X4, X5, X6, X7","X1, X2, X3, X4, X6, X7","X1, X2, X3, X4, X6, X7","X1, X2, X3, X4, X7","{""X1"": 0.0, ""X2"": 0.000752, ""X3"": 0.0, ""X4"": 0.0, ""X7"": 0.01426}","{""X1"": [], ""X2"": [""X7""], ""X3"": [""X7""], ""X4"": [""X7""], ""X5"": [""X2""], ""X6"": [], ""X7"": [""X6""], ""t"": [""X1"", ""X2"", ""X3"", ""X4"", ""X7""], ""y"": [""X3"", ""X4"", ""X5"", ""t""]}"
Heteroscedastic noise,heteroscedastic,Case 4,4,1,"X1, X2, X3, X4, X5, X6, X7, t, y","X1, X2, X3, X4, X5, X6, X7","X1, X2, X3, X4, X6, X7","X1, X2, X3, X4, X6, X7","X1, X2, X3, X4, X7","{""X1"": 0.0, ""X2"": 7e-06, ""X3"": 0.0, ""X4"": 0.0, ""X7"": 0.0}","{""X1"": [], ""X2"": [], ""X3"": [""X7""], ""X4"": [""X7""], ""X5"": [""X2""], ""X6"": [], ""X7"": [""X6""], ""t"": [""X1"", ""X2"", ""X3"", ""X4"", ""X7""], ""y"": [""X3"", ""X4"", ""X5"", ""t""]}"
Heteroscedastic noise,heteroscedastic,Case 4,4,2,"X1, X2, X3, X4, X5, X6, X7, t, y","X1, X2, X3, X4, X5, X6, X7","X1, X2, X3, X4, X6, X7","X1, X2, X3, X4, X6, X7","X1, X3, X4, X7","{""X1"": 0.0, ""X2"": 0.135819, ""X3"": 0.0, ""X4"": 0.0, ""X7"": 0.004967}","{""X1"": [], ""X2"": [], ""X3"": [""X7""], ""X4"": [""X7""], ""X5"": [""X2""], ""X6"": [], ""X7"": [""X6""], ""t"": [""X1"", ""X2"", ""X3"", ""X4"", ""X7""], ""y"": [""X3"", ""X4"", ""X5"", ""t""]}"
Heteroscedastic noise,heteroscedastic,Case 4,4,3,"X1, X2, X3, X4, X5, X6, X7, t, y","X1, X2, X3, X4, X5, X6, X7","X1, X2, X3, X4, X6, X7","X1, X2, X3, X4, X6, X7","X1, X2, X3, X4, X7","{""X1"": 0.0, ""X2"": 0.002171, ""X3"": 0.0, ""X4"": 0.0, ""X7"": 0.001187}","{""X1"": [], ""X2"": [""X7""], ""X3"": [""X7""], ""X4"": [""X7""], ""X5"": [""X2""], ""X6"": [], ""X7"": [""X6""], ""t"": [""X1"", ""X2"", ""X3"", ""X4"", ""X7""], ""y"": [""X3"", ""X4"", ""X5"", ""t""]}"
Heteroscedastic noise,heteroscedastic,Case 4,4,4,"X1, X2, X3, X4, X5, X6, X7, t, y","X1, X2, X3, X4, X5","X1, X2, X3, X4","X1, X2, X3, X4","X1, X2, X3, X4","{""X1"": 0.0, ""X2"": 1e-06, ""X3"": 0.0, ""X4"": 0.0}","{""X1"": [], ""X2"": [], ""X3"": [], ""X4"": [], ""X5"": [""X2""], ""X6"": [], ""X7"": [""X6""], ""t"": [""X1"", ""X2"", ""X3"", ""X4""], ""y"": [""X3"", ""X4"", ""X5"", ""t""]}"
Heteroscedastic noise,heteroscedastic,Case 4,4,5,"X1, X2, X3, X4, X5, X6, X7, t, y","X1, X2, X3, X4, X5, X6, X7","X1, X2, X3, X4, X6, X7","X1, X2, X3, X4, X6, X7","X1, X2, X3, X4, X7","{""X1"": 0.0, ""X2"": 0.003394, ""X3"": 0.0, ""X4"": 0.0, ""X7"": 0.000889}","{""X1"": [], ""X2"": [""X7""], ""X3"": [""X7""], ""X4"": [""X7""], ""X5"": [""X2""], ""X6"": [], ""X7"": [""X6""], ""t"": [""X1"", ""X2"", ""X3"", ""X4"", ""X7""], ""y"": [""X3"", ""X4"", ""X5"", ""t""]}"
Heteroscedastic noise,heteroscedastic,Case 4,4,6,"X1, X2, X3, X4, X5, X6, X7, t, y","X1, X2, X3, X4, X5, X6, X7","X1, X2, X3, X4, X6, X7","X1, X2, X3, X4, X6, X7","X1, X2, X3, X4, X7","{""X1"": 0.0, ""X2"": 0.000908, ""X3"": 0.0, ""X4"": 0.0, ""X7"": 6.3e-05}","{""X1"": [], ""X2"": [], ""X3"": [""X7""], ""X4"": [""X7""], ""X5"": [""X2""], ""X6"": [], ""X7"": [""X6""], ""t"": [""X1"", ""X2"", ""X3"", ""X4"", ""X7""], ""y"": [""X3"", ""X4"", ""X5"", ""t""]}"
Heteroscedastic noise,heteroscedastic,Case 4,4,7,"X1, X2, X3, X4, X5, X6, X7, t, y","X1, X2, X3, X4, X5, X6, X7","X1, X2, X3, X4, X6, X7","X1, X2, X3, X4, X6, X7","X1, X2, X3, X4, X7","{""X1"": 0.0, ""X2"": 0.0, ""X3"": 0.0, ""X4"": 0.0, ""X7"": 1e-06}","{""X1"": [], ""X2"": [], ""X3"": [""X7""], ""X4"": [], ""X5"": [""t""], ""X6"": [], ""X7"": [""X6""], ""t"": [""X1"", ""X2"", ""X3"", ""X4"", ""X7""], ""y"": [""X2"", ""X3"", ""X4"", ""X5"", ""t""]}"
Heteroscedastic noise,heteroscedastic,Case 4,4,8,"X1, X2, X3, X4, X5, X6, X7, t, y","X1, X2, X3, X4, X5, X6, X7","X1, X2, X3, X4, X6, X7","X1, X2, X3, X4, X6, X7","X1, X2, X3, X4, X7","{""X1"": 0.0, ""X2"": 6.5e-05, ""X3"": 0.0, ""X4"": 0.0, ""X7"": 1e-05}","{""X1"": [], ""X2"": [], ""X3"": [""X7""], ""X4"": [""X7""], ""X5"": [""X2""], ""X6"": [], ""X7"": [""X6""], ""t"": [""X1"", ""X2"", ""X3"", ""X4"", ""X7""], ""y"": [""X3"", ""X4"", ""X5"", ""t""]}"
Heteroscedastic noise,heteroscedastic,Case 4,4,9,"X1, X2, X3, X4, X5, X6, X7, t, y","X1, X2, X3, X4, X5, X6, X7","X1, X2, X3, X4, X6, X7","X1, X2, X3, X4, X6, X7","X1, X3, X4","{""X1"": 0.0, ""X2"": 0.067989, ""X3"": 0.0, ""X4"": 0.0, ""X7"": 0.141491}","{""X1"": [], ""X2"": [], ""X3"": [""X7""], ""X4"": [""X7""], ""X5"": [""X2""], ""X6"": [], ""X7"": [""X6""], ""t"": [""X1"", ""X2"", ""X3"", ""X4"", ""X7""], ""y"": [""X3"", ""X4"", ""X5"", ""t""]}"
Interaction nonlinearity,interaction,Case 1,1,0,"X1, X2, X3, X4, X5, X6, X7, X8, t, y","X1, X2, X3, X4, X5, X6, X7, X8","X2, X3, X6, X7, X8","X2, X3, X6, X7, X8","X3, X8","{""X2"": 0.170919, ""X3"": 9.4e-05, ""X8"": 0.0}","{""X1"": [], ""X2"": [], ""X3"": [""X8""], ""X4"": [""X1""], ""X5"": [""X3""], ""X6"": [], ""X7"": [], ""X8"": [""X6"", ""X7""], ""t"": [""X2"", ""X3"", ""X8""], ""y"": [""X4"", ""X5"", ""X8"", ""t""]}"
Interaction nonlinearity,interaction,Case 1,1,1,"X1, X2, X3, X4, X5, X6, X7, X8, t, y","X1, X2, X3, X4, X5, X6, X7, X8","X2, X3, X6, X7, X8","X2, X3, X6, X7, X8","X3, X8","{""X2"": 0.132821, ""X3"": 6e-06, ""X8"": 0.0}","{""X1"": [], ""X2"": [], ""X3"": [""X8""], ""X4"": [""X1""], ""X5"": [""X3""], ""X6"": [], ""X7"": [], ""X8"": [""X6"", ""X7""], ""t"": [""X2"", ""X3"", ""X8""], ""y"": [""X4"", ""X5"", ""X8"", ""t""]}"
Interaction nonlinearity,interaction,Case 1,1,2,"X1, X2, X3, X4, X5, X6, X7, X8, t, y","X1, X2, X3, X4, X5, X6, X7, X8","X2, X3, X6, X7, X8","X2, X3, X6, X7, X8","X2, X3, X8","{""X2"": 0.003015, ""X3"": 2e-06, ""X8"": 0.0}","{""X1"": [], ""X2"": [], ""X3"": [], ""X4"": [""X1""], ""X5"": [""X3""], ""X6"": [], ""X7"": [], ""X8"": [""X6"", ""X7""], ""t"": [""X2"", ""X3"", ""X8""], ""y"": [""X4"", ""X5"", ""t""]}"
Interaction nonlinearity,interaction,Case 1,1,3,"X1, X2, X3, X4, X5, X6, X7, X8, t, y","X1, X2, X3, X4, X5, X6, X7, X8","X2, X3, X6, X7, X8","X2, X3, X6, X7, X8","X3, X8","{""X2"": 0.231967, ""X3"": 0.000338, ""X8"": 0.0}","{""X1"": [], ""X2"": [], ""X3"": [], ""X4"": [""X1""], ""X5"": [""X3"", ""X8""], ""X6"": [], ""X7"": [], ""X8"": [""X6"", ""X7""], ""t"": [""X2"", ""X3"", ""X8""], ""y"": [""X4"", ""X5"", ""X8"", ""t""]}"
Interaction nonlinearity,interaction,Case 1,1,4,"X1, X2, X3, X4, X5, X6, X7, X8, t, y","X1, X2, X3, X4, X5, X6, X7, X8","X2, X3, X6, X7, X8","X2, X3, X6, X7, X8","X3, X8","{""X2"": 0.671878, ""X3"": 0.000492, ""X8"": 0.0}","{""X1"": [], ""X2"": [], ""X3"": [""X8""], ""X4"": [""X1""], ""X5"": [""X3""], ""X6"": [], ""X7"": [], ""X8"": [""X6"", ""X7""], ""t"": [""X2"", ""X3"", ""X8""], ""y"": [""X4"", ""X5"", ""t""]}"
Interaction nonlinearity,interaction,Case 1,1,5,"X1, X2, X3, X4, X5, X6, X7, X8, t, y","X1, X2, X3, X4, X5, X6, X7, X8","X2, X3, X6, X7, X8","X2, X3, X6, X7, X8","X3, X8","{""X2"": 0.178294, ""X3"": 3e-06, ""X8"": 0.0}","{""X1"": [], ""X2"": [], ""X3"": [], ""X4"": [""X1""], ""X5"": [""X3"", ""X8""], ""X6"": [], ""X7"": [], ""X8"": [""X6"", ""X7""], ""t"": [""X2"", ""X3"", ""X8""], ""y"": [""X4"", ""X5"", ""X8"", ""t""]}"
Interaction nonlinearity,interaction,Case 1,1,6,"X1, X2, X3, X4, X5, X6, X7, X8, t, y","X1, X2, X3, X4, X5, X6, X7, X8","X2, X3, X6, X7, X8","X2, X3, X6, X7, X8","X2, X3, X8","{""X2"": 0.019345, ""X3"": 2e-06, ""X8"": 0.0}","{""X1"": [], ""X2"": [], ""X3"": [], ""X4"": [""X1""], ""X5"": [""X3"", ""X8""], ""X6"": [], ""X7"": [], ""X8"": [""X6"", ""X7""], ""t"": [""X2"", ""X3"", ""X8""], ""y"": [""X4"", ""X5"", ""X8"", ""t""]}"
Interaction nonlinearity,interaction,Case 1,1,7,"X1, X2, X3, X4, X5, X8, t, y","X1, X2, X3, X4, X5, X8","X2, X3","X2, X3",X3,"{""X2"": 0.46457, ""X3"": 6e-06}","{""X1"": [], ""X2"": [], ""X3"": [], ""X4"": [""X1""], ""X5"": [""X3"", ""X8""], ""X8"": [], ""t"": [""X2"", ""X3""], ""y"": [""X4"", ""X5"", ""X8"", ""t""]}"
Interaction nonlinearity,interaction,Case 1,1,8,"X1, X2, X3, X4, X5, X6, X7, X8, t, y","X1, X2, X3, X4, X5, X6, X7, X8","X2, X3, X6, X7, X8","X2, X3, X6, X7, X8","X2, X3, X8","{""X2"": 0.000204, ""X3"": 7.9e-05, ""X8"": 0.0}","{""X1"": [], ""X2"": [], ""X3"": [], ""X4"": [""X1""], ""X5"": [""X3"", ""X8""], ""X6"": [], ""X7"": [], ""X8"": [""X6"", ""X7""], ""t"": [""X2"", ""X3"", ""X8""], ""y"": [""X4"", ""X5"", ""X8"", ""t""]}"
Interaction nonlinearity,interaction,Case 1,1,9,"X1, X2, X3, X4, X5, X6, X7, X8, t, y","X1, X2, X3, X4, X5, X6, X7, X8","X2, X3, X6, X7, X8","X2, X3, X6, X7, X8",X8,"{""X2"": 0.935576, ""X3"": 0.203752, ""X8"": 0.0}","{""X1"": [], ""X2"": [], ""X3"": [], ""X4"": [""X1""], ""X5"": [""X3""], ""X6"": [], ""X7"": [], ""X8"": [""X6"", ""X7""], ""t"": [""X2"", ""X3"", ""X8""], ""y"": [""X4"", ""X5"", ""t""]}"
Interaction nonlinearity,interaction,Case 2,2,0,"X1, X2, X3, X4, X5, X6, X7, X8, X9, t, y","X1, X2, X3, X4, X5, X6, X7, X8, X9","X2, X3, X5","X2, X3, X5",X3,"{""X2"": 0.888426, ""X3"": 0.004373}","{""X1"": [], ""X2"": [], ""X3"": [""X5""], ""X4"": [""X1""], ""X5"": [], ""X6"": [""X9"", ""t""], ""X7"": [""X5""], ""X8"": [""X4""], ""X9"": [], ""t"": [""X2"", ""X3""], ""y"": [""X6"", ""X7"", ""X8"", ""X9""]}"
Interaction nonlinearity,interaction,Case 2,2,1,"X1, X2, X3, X4, X5, X6, X7, X8, X9, t, y","X1, X2, X3, X4, X5, X6, X7, X8, X9","X2, X3, X5","X2, X3, X5",X3,"{""X2"": 0.840447, ""X3"": 0.0}","{""X1"": [], ""X2"": [], ""X3"": [""X5""], ""X4"": [""X1""], ""X5"": [], ""X6"": [""X9"", ""t""], ""X7"": [""X5""], ""X8"": [""X4""], ""X9"": [], ""t"": [""X2"", ""X3""], ""y"": [""X6"", ""X7"", ""X8"", ""X9""]}"
Interaction nonlinearity,interaction,Case 2,2,2,"X1, X2, X3, X4, X5, X6, X7, X8, X9, t, y","X1, X2, X3, X4, X5, X6, X7, X8, X9","X2, X3, X5","X2, X3, X5","X2, X5","{""X2"": 0.415624, ""X3"": 0.144238}","{""X1"": [], ""X2"": [], ""X3"": [""X5""], ""X4"": [""X1""], ""X5"": [], ""X6"": [""X9"", ""t""], ""X7"": [""X5""], ""X8"": [""X4""], ""X9"": [""t""], ""t"": [""X2"", ""X3""], ""y"": [""X6"", ""X7"", ""X8"", ""X9""]}"
Interaction nonlinearity,interaction,Case 2,2,3,"X1, X2, X3, X4, X5, X6, X7, X8, X9, t, y","X1, X2, X3, X4, X5, X6, X7, X8, X9","X2, X3, X5","X2, X3, X5",X3,"{""X2"": 0.486794, ""X3"": 0.004012}","{""X1"": [], ""X2"": [], ""X3"": [""X5""], ""X4"": [""X1""], ""X5"": [], ""X6"": [""X9"", ""t""], ""X7"": [""X5""], ""X8"": [""X4""], ""X9"": [], ""t"": [""X2"", ""X3""], ""y"": [""X6"", ""X7"", ""X8"", ""X9""]}"
Interaction nonlinearity,interaction,Case 2,2,4,"X1, X2, X3, X4, X5, X6, X7, X8, X9, t, y","X1, X2, X3, X4, X5, X6, X7, X8, X9","X2, X3, X5","X2, X3, X5",X3,"{""X2"": 0.231055, ""X3"": 0.008374}","{""X1"": [], ""X2"": [], ""X3"": [""X5""], ""X4"": [""X1""], ""X5"": [], ""X6"": [""X9"", ""t""], ""X7"": [""X5""], ""X8"": [""X4""], ""X9"": [], ""t"": [""X2"", ""X3""], ""y"": [""X6"", ""X7"", ""X8"", ""X9""]}"
Interaction nonlinearity,interaction,Case 2,2,5,"X1, X2, X3, X4, X5, X6, X7, X8, X9, t, y","X1, X2, X3, X4, X5, X6, X7, X8, X9","X2, X3, X5","X2, X3, X5",X3,"{""X2"": 0.975706, ""X3"": 0.001015}","{""X1"": [], ""X2"": [], ""X3"": [""X5""], ""X4"": [""X1""], ""X5"": [], ""X6"": [""X9"", ""t""], ""X7"": [""X5"", ""X9""], ""X8"": [""X4""], ""X9"": [], ""t"": [""X2"", ""X3""], ""y"": [""X6"", ""X7"", ""X8"", ""X9""]}"
Interaction nonlinearity,interaction,Case 2,2,6,"X1, X2, X3, X4, X5, X6, X7, X8, X9, t, y","X1, X2, X3, X4, X5, X6, X7, X8, X9","X2, X3, X5","X2, X3, X5",X3,"{""X2"": 0.026978, ""X3"": 0.019377}","{""X1"": [], ""X2"": [], ""X3"": [""X5""], ""X4"": [""X1""], ""X5"": [], ""X6"": [""X9"", ""t""], ""X7"": [""X5"", ""X9""], ""X8"": [""X4""], ""X9"": [], ""t"": [""X2"", ""X3""], ""y"": [""X6"", ""X7"", ""X8"", ""X9""]}"
Interaction nonlinearity,interaction,Case 2,2,7,"X1, X2, X3, X4, X5, X6, X7, X8, X9, t, y","X1, X2, X3, X4, X5, X6, X7, X8, X9","X2, X3, X5","X2, X3, X5",X3,"{""X2"": 0.946369, ""X3"": 0.0001}","{""X1"": [], ""X2"": [], ""X3"": [""X5""], ""X4"": [""X1""], ""X5"": [], ""X6"": [""X9"", ""t""], ""X7"": [""X5"", ""X9""], ""X8"": [""X4""], ""X9"": [""t""], ""t"": [""X2"", ""X3""], ""y"": [""X6"", ""X7"", ""X8"", ""X9""]}"
Interaction nonlinearity,interaction,Case 2,2,8,"X1, X2, X3, X4, X5, X6, X7, X8, X9, t, y","X1, X2, X3, X4, X5, X6, X7, X8, X9","X2, X3, X5","X2, X3, X5",X3,"{""X2"": 0.590549, ""X3"": 0.000384}","{""X1"": [], ""X2"": [], ""X3"": [""X5""], ""X4"": [""X1""], ""X5"": [], ""X6"": [""X9"", ""t""], ""X7"": [""X5""], ""X8"": [""X4""], ""X9"": [""t""], ""t"": [""X2"", ""X3""], ""y"": [""X6"", ""X7"", ""X8"", ""X9""]}"
Interaction nonlinearity,interaction,Case 2,2,9,"X1, X2, X3, X4, X5, X6, X7, X8, X9, t, y","X1, X2, X3, X4, X5, X6, X7, X8, X9","X2, X3, X5","X2, X3, X5","X2, X5","{""X2"": 0.025002, ""X3"": 0.086038}","{""X1"": [], ""X2"": [], ""X3"": [""X5""], ""X4"": [""X1""], ""X5"": [], ""X6"": [""X9"", ""t""], ""X7"": [""X5""], ""X8"": [""X4""], ""X9"": [], ""t"": [""X2"", ""X3""], ""y"": [""X6"", ""X7"", ""X8"", ""X9""]}"
Interaction nonlinearity,interaction,Case 3,3,0,"X1, X2, X3, X4, X5, X6, X7, t, y","X1, X2, X3, X4, X5, X6, X7","X2, X3, X6, X7","X2, X3, X6, X7","X3, X6, X7","{""X2"": 0.35453, ""X3"": 2e-06, ""X6"": 0.0, ""X7"": 0.0}","{""X1"": [], ""X2"": [""X6"", ""X7""], ""X3"": [""X6"", ""X7""], ""X4"": [""X1""], ""X5"": [""X6""], ""X6"": [""X7""], ""X7"": [], ""t"": [""X2"", ""X3"", ""X6"", ""X7""], ""y"": [""X2"", ""X3"", ""X4"", ""X5"", ""X6"", ""X7""]}"
Interaction nonlinearity,interaction,Case 3,3,1,"X1, X2, X3, X4, X5, X6, X7, t, y","X1, X3, X4, X5, X6, X7","X2, X3, X6, X7","X3, X6, X7","X3, X6, X7","{""X2"": 0.738983, ""X3"": 0.003545, ""X6"": 0.0, ""X7"": 0.0}","{""X1"": [], ""X2"": [""X6"", ""X7""], ""X3"": [""X6"", ""X7""], ""X4"": [""X1""], ""X5"": [""X3""], ""X6"": [""X7""], ""X7"": [], ""t"": [""X2"", ""X3"", ""X6"", ""X7""], ""y"": [""X4"", ""X5"", ""X7""]}"
Interaction nonlinearity,interaction,Case 3,3,2,"X1, X2, X3, X4, X5, X6, X7, t, y","X1, X2, X3, X4, X5, X6, X7","X2, X3, X6, X7","X2, X3, X6, X7","X3, X6, X7","{""X2"": 0.025155, ""X3"": 0.005141, ""X6"": 0.0, ""X7"": 0.0}","{""X1"": [], ""X2"": [""X6"", ""X7""], ""X3"": [""X6"", ""X7""], ""X4"": [""X1""], ""X5"": [""X3"", ""X7""], ""X6"": [""X7""], ""X7"": [], ""t"": [""X2"", ""X3"", ""X6"", ""X7""], ""y"": [""X4"", ""X5"", ""X7"", ""t""]}"
Interaction nonlinearity,interaction,Case 3,3,3,"X1, X2, X3, X4, X5, X6, X7, t, y","X1, X3, X4, X5, X6, X7","X2, X3, X6, X7","X3, X6, X7","X2, X3, X6, X7","{""X2"": 0.009505, ""X3"": 9.4e-05, ""X6"": 0.0, ""X7"": 0.0}","{""X1"": [], ""X2"": [""X6"", ""X7""], ""X3"": [""X6"", ""X7""], ""X4"": [""X1""], ""X5"": [""X3"", ""X6""], ""X6"": [""X7""], ""X7"": [], ""t"": [""X2"", ""X3"", ""X6"", ""X7""], ""y"": [""X4"", ""X5"", ""X6"", ""X7""]}"
Interaction nonlinearity,interaction,Case 3,3,4,"X1, X2, X3, X4, X5, X6, X7, t, y","X1, X2, X3, X4, X5, X6, X7","X2, X3, X6, X7","X2, X3, X6, X7","X3, X6, X7","{""X2"": 0.138286, ""X3"": 0.002957, ""X6"": 0.0, ""X7"": 0.0}","{""X1"": [], ""X2"": [""X6"", ""X7""], ""X3"": [""X6"", ""X7""], ""X4"": [""X1""], ""X5"": [""X3""], ""X6"": [""X7""], ""X7"": [], ""t"": [""X2"", ""X3"", ""X6"", ""X7""], ""y"": [""X4"", ""X5"", ""X7"", ""t""]}"
Interaction nonlinearity,interaction,Case 3,3,5,"X1, X2, X3, X4, X5, X6, X7, t, y","X1, X3, X4, X5, X6, X7","X2, X3, X6, X7","X3, X6, X7","X3, X6, X7","{""X2"": 0.454035, ""X3"": 0.000176, ""X6"": 0.0, ""X7"": 0.0}","{""X1"": [], ""X2"": [""X6"", ""X7""], ""X3"": [""X6"", ""X7""], ""X4"": [""X1""], ""X5"": [""X3"", ""X7""], ""X6"": [""X7""], ""X7"": [], ""t"": [""X2"", ""X3"", ""X6"", ""X7""], ""y"": [""X4"", ""X5"", ""X7""]}"
Interaction nonlinearity,interaction,Case 3,3,6,"X1, X2, X3, X4, X5, X6, X7, t, y","X1, X2, X3, X4, X5, X6, X7","X2, X3, X6, X7","X2, X3, X6, X7","X6, X7","{""X2"": 0.122442, ""X3"": 0.033654, ""X6"": 0.0, ""X7"": 0.0}","{""X1"": [], ""X2"": [""X6"", ""X7""], ""X3"": [""X6"", ""X7""], ""X4"": [""X1""], ""X5"": [""X3""], ""X6"": [""X7""], ""X7"": [], ""t"": [""X2"", ""X3"", ""X6"", ""X7""], ""y"": [""X4"", ""X5"", ""X7"", ""t""]}"
Interaction nonlinearity,interaction,Case 3,3,7,"X1, X2, X3, X4, X5, X6, X7, t, y","X1, X3, X4, X5, X6, X7","X2, X3, X6, X7","X3, X6, X7","X3, X6, X7","{""X2"": 0.073816, ""X3"": 6e-06, ""X6"": 0.0, ""X7"": 0.0}","{""X1"": [], ""X2"": [""X6"", ""X7""], ""X3"": [""X6"", ""X7""], ""X4"": [""X1""], ""X5"": [""X3"", ""X7""], ""X6"": [""X7""], ""X7"": [], ""t"": [""X2"", ""X3"", ""X6"", ""X7""], ""y"": [""X4"", ""X5"", ""X6"", ""X7""]}"
Interaction nonlinearity,interaction,Case 3,3,8,"X1, X2, X3, X4, X5, X6, X7, t, y","X1, X3, X4, X5, X6, X7","X2, X3, X6, X7","X3, X6, X7","X3, X6, X7","{""X2"": 0.357689, ""X3"": 0.000733, ""X6"": 0.0, ""X7"": 0.0}","{""X1"": [], ""X2"": [""X6"", ""X7""], ""X3"": [""X6"", ""X7""], ""X4"": [""X1""], ""X5"": [""X3"", ""X7""], ""X6"": [""X7""], ""X7"": [], ""t"": [""X2"", ""X3"", ""X6"", ""X7""], ""y"": [""X4"", ""X5"", ""X6"", ""X7""]}"
Interaction nonlinearity,interaction,Case 3,3,9,"X1, X2, X3, X4, X5, X6, X7, t, y","X1, X3, X4, X5, X6, X7","X2, X3, X6, X7","X3, X6, X7","X3, X6, X7","{""X2"": 0.032579, ""X3"": 1e-06, ""X6"": 0.0, ""X7"": 0.0}","{""X1"": [], ""X2"": [""X6"", ""X7""], ""X3"": [""X6"", ""X7""], ""X4"": [""X1""], ""X5"": [""X3"", ""X7""], ""X6"": [""X7""], ""X7"": [], ""t"": [""X2"", ""X3"", ""X6"", ""X7""], ""y"": [""X4"", ""X5"", ""X7""]}"
Interaction nonlinearity,interaction,Case 4,4,0,"X1, X2, X3, X4, X5, t, y","X1, X2, X3, X4, X5","X1, X2, X3, X4","X1, X2, X3, X4","X1, X3, X4","{""X1"": 0.0, ""X2"": 0.435305, ""X3"": 0.0, ""X4"": 0.0}","{""X1"": [], ""X2"": [], ""X3"": [], ""X4"": [], ""X5"": [""X2""], ""t"": [""X1"", ""X2"", ""X3"", ""X4""], ""y"": [""X3"", ""X4"", ""X5"", ""t""]}"
Interaction nonlinearity,interaction,Case 4,4,1,"X1, X2, X3, X4, X5, t, y","X1, X2, X3, X4, X5","X1, X2, X3, X4","X1, X2, X3, X4","X1, X3, X4","{""X1"": 0.0, ""X2"": 0.133013, ""X3"": 0.0, ""X4"": 0.0}","{""X1"": [], ""X2"": [], ""X3"": [], ""X4"": [], ""X5"": [""X2""], ""t"": [""X1"", ""X2"", ""X3"", ""X4""], ""y"": [""X3"", ""X4"", ""X5"", ""t""]}"
Interaction nonlinearity,interaction,Case 4,4,2,"X1, X2, X3, X4, X5, t, y","X1, X2, X3, X4, X5","X1, X2, X3, X4","X1, X2, X3, X4","X1, X3, X4","{""X1"": 0.0, ""X2"": 0.19365, ""X3"": 0.0, ""X4"": 0.0}","{""X1"": [], ""X2"": [], ""X3"": [], ""X4"": [], ""X5"": [""X2""], ""t"": [""X1"", ""X2"", ""X3"", ""X4""], ""y"": [""X3"", ""X4"", ""X5"", ""t""]}"
Interaction nonlinearity,interaction,Case 4,4,3,"X1, X2, X3, X4, X5, t, y","X1, X2, X3, X4, X5","X1, X2, X3, X4","X1, X2, X3, X4","X1, X3, X4","{""X1"": 0.0, ""X2"": 0.054778, ""X3"": 0.0, ""X4"": 0.0}","{""X1"": [], ""X2"": [], ""X3"": [], ""X4"": [], ""X5"": [""X2""], ""t"": [""X1"", ""X2"", ""X3"", ""X4""], ""y"": [""X3"", ""X4"", ""X5"", ""t""]}"
Interaction nonlinearity,interaction,Case 4,4,4,"X1, X2, X3, X4, X5, t, y","X1, X2, X3, X4, X5","X1, X2, X3, X4","X1, X2, X3, X4","X1, X3, X4","{""X1"": 0.0, ""X2"": 0.0279, ""X3"": 0.0, ""X4"": 0.0}","{""X1"": [], ""X2"": [], ""X3"": [], ""X4"": [], ""X5"": [""X2""], ""t"": [""X1"", ""X2"", ""X3"", ""X4""], ""y"": [""X3"", ""X4"", ""X5"", ""t""]}"
Interaction nonlinearity,interaction,Case 4,4,5,"X1, X2, X3, X4, X5, X6, X7, t, y","X1, X2, X3, X4, X5, X6, X7","X1, X2, X3, X4, X6, X7","X1, X2, X3, X4, X6, X7","X1, X3, X4, X7","{""X1"": 0.0, ""X2"": 0.029472, ""X3"": 0.0, ""X4"": 0.0, ""X7"": 2.8e-05}","{""X1"": [], ""X2"": [], ""X3"": [], ""X4"": [], ""X5"": [""X2""], ""X6"": [], ""X7"": [""X6""], ""t"": [""X1"", ""X2"", ""X3"", ""X4"", ""X7""], ""y"": [""X3"", ""X4"", ""X5"", ""t""]}"
Interaction nonlinearity,interaction,Case 4,4,6,"X1, X2, X3, X4, X5, X7, t, y","X1, X2, X3, X4, X5, X7","X1, X2, X3, X4, X7","X1, X2, X3, X4, X7","X1, X3, X4, X7","{""X1"": 0.0, ""X2"": 0.071041, ""X3"": 0.0, ""X4"": 0.0, ""X7"": 1e-06}","{""X1"": [], ""X2"": [], ""X3"": [], ""X4"": [], ""X5"": [""X2""], ""X7"": [], ""t"": [""X1"", ""X2"", ""X3"", ""X4"", ""X7""], ""y"": [""X3"", ""X4"", ""X5"", ""t""]}"
Interaction nonlinearity,interaction,Case 4,4,7,"X1, X2, X3, X4, X5, t, y","X1, X2, X3, X4, X5","X1, X2, X3, X4","X1, X2, X3, X4","X1, X3, X4","{""X1"": 0.0, ""X2"": 0.380894, ""X3"": 0.0, ""X4"": 0.0}","{""X1"": [], ""X2"": [], ""X3"": [], ""X4"": [], ""X5"": [""X2""], ""t"": [""X1"", ""X2"", ""X3"", ""X4""], ""y"": [""X3"", ""X4"", ""X5"", ""t""]}"
Interaction nonlinearity,interaction,Case 4,4,8,"X1, X2, X3, X4, X5, t, y","X1, X2, X3, X4, X5","X1, X2, X3, X4","X1, X2, X3, X4","X1, X3, X4","{""X1"": 0.0, ""X2"": 0.042911, ""X3"": 0.0, ""X4"": 0.0}","{""X1"": [], ""X2"": [], ""X3"": [], ""X4"": [], ""X5"": [""X2""], ""t"": [""X1"", ""X2"", ""X3"", ""X4""], ""y"": [""X3"", ""X4"", ""X5"", ""t""]}"
Interaction nonlinearity,interaction,Case 4,4,9,"X1, X2, X3, X4, X5, t, y","X1, X2, X3, X4, X5","X1, X2, X3, X4","X1, X2, X3, X4","X1, X3, X4","{""X1"": 0.0, ""X2"": 0.020801, ""X3"": 0.0, ""X4"": 0.0}","{""X1"": [], ""X2"": [], ""X3"": [], ""X4"": [], ""X5"": [""X2""], ""t"": [""X1"", ""X2"", ""X3"", ""X4""], ""y"": [""X3"", ""X4"", ""X5"", ""t""]}"
