Adjustment,variable,label,abs_corr_before,abs_corr_after,in_adjustment_set
No adjustment,BMXBMI,Body mass index,0.18435342490626158,0.18435342490626158,False
No adjustment,DMDEDUC2,Education,0.10309421692775841,0.10309421692775843,False
No adjustment,LBDBPBSI,LBDBPBSI,0.03603601088554787,0.03603601088554788,False
No adjustment,LBDEONO,LBDEONO,0.1005233407506984,0.1005233407506984,False
No adjustment,LBDFOTSI,LBDFOTSI,0.0008287659865363752,0.000828765986536378,False
No adjustment,LBDLYMNO,LBDLYMNO,0.15317180355088306,0.15317180355088306,False
No adjustment,LBDMONO,LBDMONO,0.11715532441985525,0.11715532441985525,False
No adjustment,LBDNENO,LBDNENO,0.16214108033680572,0.16214108033680572,False
No adjustment,LBDRFOSI,LBDRFOSI,0.14672782111326302,0.14672782111326302,False
No adjustment,LBDSALSI,LBDSALSI,0.021409494311895903,0.021409494311895903,False
No adjustment,LBDSBUSI,LBDSBUSI,0.06970980727372701,0.06970980727372701,False
No adjustment,LBDSCHSI,LBDSCHSI,0.3190679909478589,0.3190679909478589,False
No adjustment,LBDSCRSI,LBDSCRSI,0.05121311256626114,0.05121311256626114,False
No adjustment,LBDSGBSI,LBDSGBSI,0.03451451084746113,0.034514510847461134,False
No adjustment,LBDSGLSI,LBDSGLSI,0.22927969160492026,0.2292796916049203,False
No adjustment,LBDSIRSI,LBDSIRSI,0.08723806335104133,0.08723806335104133,False
No adjustment,LBDSPHSI,LBDSPHSI,0.0039768269204803934,0.003976826920480395,False
No adjustment,LBDSTBSI,LBDSTBSI,0.047250947795236295,0.047250947795236295,False
No adjustment,LBDSTPSI,LBDSTPSI,0.05157061734346775,0.05157061734346775,False
No adjustment,LBDSUASI,LBDSUASI,0.28570985341875066,0.28570985341875066,False
No adjustment,LBDTCSI,LBDTCSI,0.32198693681311547,0.32198693681311547,False
No adjustment,LBXBCD,LBXBCD,0.03855167057522834,0.03855167057522834,False
No adjustment,LBXBMN,LBXBMN,0.014781053871067994,0.014781053871067993,False
No adjustment,LBXBSE,LBXBSE,0.13237830990717991,0.13237830990717991,False
No adjustment,LBXEOPCT,LBXEOPCT,0.033660419675974364,0.033660419675974364,False
No adjustment,LBXGH,LBXGH,0.18065924184082943,0.18065924184082943,False
No adjustment,LBXHCT,LBXHCT,0.1757458563553111,0.1757458563553111,False
No adjustment,LBXHGB,LBXHGB,0.19283296615684972,0.19283296615684972,False
No adjustment,LBXLYPCT,LBXLYPCT,0.02198921556230874,0.02198921556230874,False
No adjustment,LBXMC,LBXMC,0.11065876784467303,0.11065876784467303,False
No adjustment,LBXMCHSI,LBXMCHSI,0.03805708047876133,0.03805708047876133,False
No adjustment,LBXMCVSI,LBXMCVSI,0.001263212024922863,0.0012632120249228603,False
No adjustment,LBXMOPCT,LBXMOPCT,0.06896688368152072,0.06896688368152072,False
No adjustment,LBXMPSI,LBXMPSI,0.042235996320230076,0.042235996320230076,False
No adjustment,LBXNEPCT,LBXNEPCT,0.028631348164472898,0.028631348164472895,False
No adjustment,LBXPLTSI,LBXPLTSI,0.06732030520035272,0.06732030520035272,False
No adjustment,LBXRBCSI,LBXRBCSI,0.16988656556917683,0.16988656556917683,False
No adjustment,LBXRDW,LBXRDW,0.040296036574942684,0.040296036574942684,False
No adjustment,LBXSAPSI,LBXSAPSI,0.12377493430580357,0.12377493430580357,False
No adjustment,LBXSASSI,Aspartate aminotransferase,0.07089348425261839,0.07089348425261839,False
No adjustment,LBXSATSI,Alanine aminotransferase,0.18607657274533207,0.18607657274533207,False
No adjustment,LBXSC3SI,LBXSC3SI,0.07868472748694867,0.07868472748694867,False
No adjustment,LBXSCA,LBXSCA,0.0726799291787711,0.0726799291787711,False
No adjustment,LBXSCK,LBXSCK,0.03644545733542342,0.036445457335423426,False
No adjustment,LBXSCLSI,LBXSCLSI,0.08069087034973324,0.08069087034973324,False
No adjustment,LBXSGTSI,Gamma glutamyl transferase,0.13716223691530965,0.13716223691530965,False
No adjustment,LBXSKSI,LBXSKSI,0.025648058535468702,0.025648058535468702,False
No adjustment,LBXSLDSI,LBXSLDSI,0.0012141674138204052,0.0012141674138204071,False
No adjustment,LBXSNASI,LBXSNASI,0.047849525740012666,0.047849525740012666,False
No adjustment,LBXSOSSI,LBXSOSSI,0.03460141444112026,0.03460141444112026,False
No adjustment,LBXTHG,LBXTHG,0.001864991728054079,0.0018649917280540776,False
No adjustment,LBXWBCSI,LBXWBCSI,0.21089355299495,0.21089355299495,False
No adjustment,RIAGENDR,Sex,0.11269283621597907,0.11269283621597909,False
No adjustment,RIDAGEYR,Age,0.11916030620672316,0.1191603062067232,False
No adjustment,RIDRETH3,Race/ethnicity,0.07086504966287713,0.07086504966287713,False
No adjustment,URDFLOW1,URDFLOW1,0.007356960950765342,0.007356960950765342,False
No adjustment,URXCRS,URXCRS,0.00039481639190523345,0.00039481639190523345,False
No adjustment,URXUMS,URXUMS,0.05500915695342128,0.05500915695342128,False
Clinical covariates,BMXBMI,Body mass index,0.18435342490626158,0.0001658985223648317,True
Clinical covariates,DMDEDUC2,Education,0.10309421692775841,0.00026135336724989296,True
Clinical covariates,LBDBPBSI,LBDBPBSI,0.03603601088554787,0.0019310961860636944,False
Clinical covariates,LBDEONO,LBDEONO,0.1005233407506984,0.0716445541982149,False
Clinical covariates,LBDFOTSI,LBDFOTSI,0.0008287659865363752,0.007587175547937532,False
Clinical covariates,LBDLYMNO,LBDLYMNO,0.15317180355088306,0.14688052915853245,False
Clinical covariates,LBDMONO,LBDMONO,0.11715532441985525,0.06872920039702025,False
Clinical covariates,LBDNENO,LBDNENO,0.16214108033680572,0.1253557731962794,False
Clinical covariates,LBDRFOSI,LBDRFOSI,0.14672782111326302,0.11789388418907142,False
Clinical covariates,LBDSALSI,LBDSALSI,0.021409494311895903,0.0658016870979261,False
Clinical covariates,LBDSBUSI,LBDSBUSI,0.06970980727372701,0.004879425938711107,False
Clinical covariates,LBDSCHSI,LBDSCHSI,0.3190679909478589,0.3313835941184611,False
Clinical covariates,LBDSCRSI,LBDSCRSI,0.05121311256626114,0.0006642620557455829,False
Clinical covariates,LBDSGBSI,LBDSGBSI,0.03451451084746113,0.010277106193881138,False
Clinical covariates,LBDSGLSI,LBDSGLSI,0.22927969160492026,0.13583058666787748,False
Clinical covariates,LBDSIRSI,LBDSIRSI,0.08723806335104133,0.10199959865609291,False
Clinical covariates,LBDSPHSI,LBDSPHSI,0.0039768269204803934,0.04562074455062907,False
Clinical covariates,LBDSTBSI,LBDSTBSI,0.047250947795236295,0.053200393716388295,False
Clinical covariates,LBDSTPSI,LBDSTPSI,0.05157061734346775,0.06155611869669812,False
Clinical covariates,LBDSUASI,LBDSUASI,0.28570985341875066,0.17393810113076863,False
Clinical covariates,LBDTCSI,LBDTCSI,0.32198693681311547,0.33251598876491806,False
Clinical covariates,LBXBCD,LBXBCD,0.03855167057522834,0.047232386970676825,False
Clinical covariates,LBXBMN,LBXBMN,0.014781053871067994,0.05502221805444136,False
Clinical covariates,LBXBSE,LBXBSE,0.13237830990717991,0.1342150552406312,False
Clinical covariates,LBXEOPCT,LBXEOPCT,0.033660419675974364,0.013480513487317141,False
Clinical covariates,LBXGH,LBXGH,0.18065924184082943,0.09372928474011624,False
Clinical covariates,LBXHCT,LBXHCT,0.1757458563553111,0.11956903514005082,False
Clinical covariates,LBXHGB,LBXHGB,0.19283296615684972,0.14506469506856445,False
Clinical covariates,LBXLYPCT,LBXLYPCT,0.02198921556230874,0.015639977555379672,False
Clinical covariates,LBXMC,LBXMC,0.11065876784467303,0.12757771930945971,False
Clinical covariates,LBXMCHSI,LBXMCHSI,0.03805708047876133,0.04793753984763271,False
Clinical covariates,LBXMCVSI,LBXMCVSI,0.001263212024922863,0.003346377299843573,False
Clinical covariates,LBXMOPCT,LBXMOPCT,0.06896688368152072,0.09789372297750573,False
Clinical covariates,LBXMPSI,LBXMPSI,0.042235996320230076,0.05220737957120155,False
Clinical covariates,LBXNEPCT,LBXNEPCT,0.028631348164472898,0.006352367385224014,False
Clinical covariates,LBXPLTSI,LBXPLTSI,0.06732030520035272,0.0824845251805594,False
Clinical covariates,LBXRBCSI,LBXRBCSI,0.16988656556917683,0.11254215164806544,False
Clinical covariates,LBXRDW,LBXRDW,0.040296036574942684,0.08443160593046484,False
Clinical covariates,LBXSAPSI,LBXSAPSI,0.12377493430580357,0.07451528777571283,False
Clinical covariates,LBXSASSI,Aspartate aminotransferase,0.07089348425261839,0.05090821482850148,False
Clinical covariates,LBXSATSI,Alanine aminotransferase,0.18607657274533207,0.14544847356505508,False
Clinical covariates,LBXSC3SI,LBXSC3SI,0.07868472748694867,0.09612285328970192,False
Clinical covariates,LBXSCA,LBXSCA,0.0726799291787711,0.08385401538647885,False
Clinical covariates,LBXSCK,LBXSCK,0.03644545733542342,0.05728135017806183,False
Clinical covariates,LBXSCLSI,LBXSCLSI,0.08069087034973324,0.0739683330708609,False
Clinical covariates,LBXSGTSI,Gamma glutamyl transferase,0.13716223691530965,0.11229254261214512,False
Clinical covariates,LBXSKSI,LBXSKSI,0.025648058535468702,0.013014055404252744,False
Clinical covariates,LBXSLDSI,LBXSLDSI,0.0012141674138204052,0.039290273033670345,False
Clinical covariates,LBXSNASI,LBXSNASI,0.047849525740012666,0.06471125322839816,False
Clinical covariates,LBXSOSSI,LBXSOSSI,0.03460141444112026,0.023875733315838924,False
Clinical covariates,LBXTHG,LBXTHG,0.001864991728054079,0.02389959313481159,False
Clinical covariates,LBXWBCSI,LBXWBCSI,0.21089355299495,0.17245401743264588,False
Clinical covariates,RIAGENDR,Sex,0.11269283621597907,0.00011015075520849842,True
Clinical covariates,RIDAGEYR,Age,0.11916030620672316,0.0005410638257437571,True
Clinical covariates,RIDRETH3,Race/ethnicity,0.07086504966287713,8.491116383512698e-05,True
Clinical covariates,URDFLOW1,URDFLOW1,0.007356960950765342,0.003205995524458603,False
Clinical covariates,URXCRS,URXCRS,0.00039481639190523345,0.04320231021215306,False
Clinical covariates,URXUMS,URXUMS,0.05500915695342128,0.03665433147308425,False
All laboratory indicators,BMXBMI,Body mass index,0.18435342490626158,0.037706401420551545,False
All laboratory indicators,DMDEDUC2,Education,0.10309421692775841,0.061533795551345055,False
All laboratory indicators,LBDBPBSI,LBDBPBSI,0.03603601088554787,0.00010128491463452772,True
All laboratory indicators,LBDEONO,LBDEONO,0.1005233407506984,0.0011136358509913104,True
All laboratory indicators,LBDFOTSI,LBDFOTSI,0.0008287659865363752,4.181757823819713e-05,True
All laboratory indicators,LBDLYMNO,LBDLYMNO,0.15317180355088306,0.08324217423465767,True
All laboratory indicators,LBDMONO,LBDMONO,0.11715532441985525,0.07518987234297211,True
All laboratory indicators,LBDNENO,LBDNENO,0.16214108033680572,0.0027020427852968688,True
All laboratory indicators,LBDRFOSI,LBDRFOSI,0.14672782111326302,0.0019370156148270784,True
All laboratory indicators,LBDSALSI,LBDSALSI,0.021409494311895903,0.0016525676512471233,True
All laboratory indicators,LBDSBUSI,LBDSBUSI,0.06970980727372701,0.0015640791249429738,True
All laboratory indicators,LBDSCHSI,LBDSCHSI,0.3190679909478589,0.0002698104995681154,True
All laboratory indicators,LBDSCRSI,LBDSCRSI,0.05121311256626114,0.0048368281069008255,True
All laboratory indicators,LBDSGBSI,LBDSGBSI,0.03451451084746113,0.006601945784097054,True
All laboratory indicators,LBDSGLSI,LBDSGLSI,0.22927969160492026,0.0037081685280649524,True
All laboratory indicators,LBDSIRSI,LBDSIRSI,0.08723806335104133,0.0024439210777080877,True
All laboratory indicators,LBDSPHSI,LBDSPHSI,0.0039768269204803934,0.0003000707631987427,True
All laboratory indicators,LBDSTBSI,LBDSTBSI,0.047250947795236295,0.002699479271479708,True
All laboratory indicators,LBDSTPSI,LBDSTPSI,0.05157061734346775,0.005395924230261325,True
All laboratory indicators,LBDSUASI,LBDSUASI,0.28570985341875066,0.0009102559646466086,True
All laboratory indicators,LBDTCSI,LBDTCSI,0.32198693681311547,0.0008373522691526025,True
All laboratory indicators,LBXBCD,LBXBCD,0.03855167057522834,0.002669187802822147,True
All laboratory indicators,LBXBMN,LBXBMN,0.014781053871067994,0.0015807865606334878,True
All laboratory indicators,LBXBSE,LBXBSE,0.13237830990717991,0.0014769997902192552,True
All laboratory indicators,LBXEOPCT,LBXEOPCT,0.033660419675974364,0.0003189759857087915,True
All laboratory indicators,LBXGH,LBXGH,0.18065924184082943,0.0005571348856561026,True
All laboratory indicators,LBXHCT,LBXHCT,0.1757458563553111,0.0004845434903478306,True
All laboratory indicators,LBXHGB,LBXHGB,0.19283296615684972,0.0007204471362958538,True
All laboratory indicators,LBXLYPCT,LBXLYPCT,0.02198921556230874,0.011114450503092793,True
All laboratory indicators,LBXMC,LBXMC,0.11065876784467303,0.0011046612506159345,True
All laboratory indicators,LBXMCHSI,LBXMCHSI,0.03805708047876133,0.001933769974073419,True
All laboratory indicators,LBXMCVSI,LBXMCVSI,0.001263212024922863,0.0026814527099711955,True
All laboratory indicators,LBXMOPCT,LBXMOPCT,0.06896688368152072,0.010210570381154261,True
All laboratory indicators,LBXMPSI,LBXMPSI,0.042235996320230076,0.00030277970302795907,True
All laboratory indicators,LBXNEPCT,LBXNEPCT,0.028631348164472898,0.012562493385992857,True
All laboratory indicators,LBXPLTSI,LBXPLTSI,0.06732030520035272,0.0007711536447301923,True
All laboratory indicators,LBXRBCSI,LBXRBCSI,0.16988656556917683,0.002529343962500995,True
All laboratory indicators,LBXRDW,LBXRDW,0.040296036574942684,0.0029631237940150475,True
All laboratory indicators,LBXSAPSI,LBXSAPSI,0.12377493430580357,0.0010188612836376809,True
All laboratory indicators,LBXSASSI,Aspartate aminotransferase,0.07089348425261839,0.01970088536492183,True
All laboratory indicators,LBXSATSI,Alanine aminotransferase,0.18607657274533207,0.0012749455381849415,True
All laboratory indicators,LBXSC3SI,LBXSC3SI,0.07868472748694867,0.002383827672793114,True
All laboratory indicators,LBXSCA,LBXSCA,0.0726799291787711,0.0016160486077203082,True
All laboratory indicators,LBXSCK,LBXSCK,0.03644545733542342,0.010480262711303385,True
All laboratory indicators,LBXSCLSI,LBXSCLSI,0.08069087034973324,0.0002056128398396996,True
All laboratory indicators,LBXSGTSI,Gamma glutamyl transferase,0.13716223691530965,0.02806296603041452,True
All laboratory indicators,LBXSKSI,LBXSKSI,0.025648058535468702,9.516602772920709e-05,True
All laboratory indicators,LBXSLDSI,LBXSLDSI,0.0012141674138204052,0.0023563017049067674,True
All laboratory indicators,LBXSNASI,LBXSNASI,0.047849525740012666,0.0008389855561580351,True
All laboratory indicators,LBXSOSSI,LBXSOSSI,0.03460141444112026,0.000749319639057705,True
All laboratory indicators,LBXTHG,LBXTHG,0.001864991728054079,0.0009261181314898987,True
All laboratory indicators,LBXWBCSI,LBXWBCSI,0.21089355299495,0.04182096603346948,True
All laboratory indicators,RIAGENDR,Sex,0.11269283621597907,0.011283742354009666,False
All laboratory indicators,RIDAGEYR,Age,0.11916030620672316,0.03646863152788682,False
All laboratory indicators,RIDRETH3,Race/ethnicity,0.07086504966287713,0.027074963515142568,False
All laboratory indicators,URDFLOW1,URDFLOW1,0.007356960950765342,0.0008687991556435955,True
All laboratory indicators,URXCRS,URXCRS,0.00039481639190523345,0.0003067835673272248,True
All laboratory indicators,URXUMS,URXUMS,0.05500915695342128,0.001572796496000362,True
All available covariates,BMXBMI,Body mass index,0.18435342490626158,0.0002059672339153131,True
All available covariates,DMDEDUC2,Education,0.10309421692775841,4.232673245040304e-05,True
All available covariates,LBDBPBSI,LBDBPBSI,0.03603601088554787,0.0024949163617074793,True
All available covariates,LBDEONO,LBDEONO,0.1005233407506984,0.00016686279428891913,True
All available covariates,LBDFOTSI,LBDFOTSI,0.0008287659865363752,0.0006362128209118279,True
All available covariates,LBDLYMNO,LBDLYMNO,0.15317180355088306,0.08494454612573553,True
All available covariates,LBDMONO,LBDMONO,0.11715532441985525,0.07445934259470428,True
All available covariates,LBDNENO,LBDNENO,0.16214108033680572,0.00218029511383148,True
All available covariates,LBDRFOSI,LBDRFOSI,0.14672782111326302,0.0004186055874808505,True
All available covariates,LBDSALSI,LBDSALSI,0.021409494311895903,0.004490222071022983,True
All available covariates,LBDSBUSI,LBDSBUSI,0.06970980727372701,0.0002289338571316158,True
All available covariates,LBDSCHSI,LBDSCHSI,0.3190679909478589,0.0027420237210352425,True
All available covariates,LBDSCRSI,LBDSCRSI,0.05121311256626114,0.0007414647959366359,True
All available covariates,LBDSGBSI,LBDSGBSI,0.03451451084746113,0.00923100697845458,True
All available covariates,LBDSGLSI,LBDSGLSI,0.22927969160492026,0.0031167849535973366,True
All available covariates,LBDSIRSI,LBDSIRSI,0.08723806335104133,0.0013966605009315377,True
All available covariates,LBDSPHSI,LBDSPHSI,0.0039768269204803934,0.0005792460989398824,True
All available covariates,LBDSTBSI,LBDSTBSI,0.047250947795236295,0.0020429665921302418,True
All available covariates,LBDSTPSI,LBDSTPSI,0.05157061734346775,0.005850253905290845,True
All available covariates,LBDSUASI,LBDSUASI,0.28570985341875066,0.0011473643343152434,True
All available covariates,LBDTCSI,LBDTCSI,0.32198693681311547,0.003258988173322226,True
All available covariates,LBXBCD,LBXBCD,0.03855167057522834,0.0030400981276307334,True
All available covariates,LBXBMN,LBXBMN,0.014781053871067994,0.004052286973530099,True
All available covariates,LBXBSE,LBXBSE,0.13237830990717991,0.0021647189897939824,True
All available covariates,LBXEOPCT,LBXEOPCT,0.033660419675974364,0.0017024091271205027,True
All available covariates,LBXGH,LBXGH,0.18065924184082943,0.0007585187751551505,True
All available covariates,LBXHCT,LBXHCT,0.1757458563553111,0.0026374418124165376,True
All available covariates,LBXHGB,LBXHGB,0.19283296615684972,0.003949983990279854,True
All available covariates,LBXLYPCT,LBXLYPCT,0.02198921556230874,0.010143839618532772,True
All available covariates,LBXMC,LBXMC,0.11065876784467303,0.0059468932211740304,True
All available covariates,LBXMCHSI,LBXMCHSI,0.03805708047876133,0.002563700407912754,True
All available covariates,LBXMCVSI,LBXMCVSI,0.001263212024922863,0.0008229675752624761,True
All available covariates,LBXMOPCT,LBXMOPCT,0.06896688368152072,0.005361490827237441,True
All available covariates,LBXMPSI,LBXMPSI,0.042235996320230076,0.0024784878574444134,True
All available covariates,LBXNEPCT,LBXNEPCT,0.028631348164472898,0.010051970534892015,True
All available covariates,LBXPLTSI,LBXPLTSI,0.06732030520035272,0.004291072116310788,True
All available covariates,LBXRBCSI,LBXRBCSI,0.16988656556917683,0.002489908169614277,True
All available covariates,LBXRDW,LBXRDW,0.040296036574942684,0.0020350951369053605,True
All available covariates,LBXSAPSI,LBXSAPSI,0.12377493430580357,0.0009376436922411516,True
All available covariates,LBXSASSI,Aspartate aminotransferase,0.07089348425261839,0.03158580803132385,True
All available covariates,LBXSATSI,Alanine aminotransferase,0.18607657274533207,0.008624429766008898,True
All available covariates,LBXSC3SI,LBXSC3SI,0.07868472748694867,0.0013256176579575587,True
All available covariates,LBXSCA,LBXSCA,0.0726799291787711,0.0008962262479721974,True
All available covariates,LBXSCK,LBXSCK,0.03644545733542342,0.04568755587126929,True
All available covariates,LBXSCLSI,LBXSCLSI,0.08069087034973324,0.00013828744690300604,True
All available covariates,LBXSGTSI,Gamma glutamyl transferase,0.13716223691530965,0.030806862315004405,True
All available covariates,LBXSKSI,LBXSKSI,0.025648058535468702,0.0019109857395418115,True
All available covariates,LBXSLDSI,LBXSLDSI,0.0012141674138204052,0.008350764129422306,True
All available covariates,LBXSNASI,LBXSNASI,0.047849525740012666,0.0010862996142018883,True
All available covariates,LBXSOSSI,LBXSOSSI,0.03460141444112026,8.402275549408437e-05,True
All available covariates,LBXTHG,LBXTHG,0.001864991728054079,0.000217504367640824,True
All available covariates,LBXWBCSI,LBXWBCSI,0.21089355299495,0.04271646520379275,True
All available covariates,RIAGENDR,Sex,0.11269283621597907,0.0034250839116703033,True
All available covariates,RIDAGEYR,Age,0.11916030620672316,0.004624065944361998,True
All available covariates,RIDRETH3,Race/ethnicity,0.07086504966287713,0.0022209716270014754,True
All available covariates,URDFLOW1,URDFLOW1,0.007356960950765342,0.0016623538593966373,True
All available covariates,URXCRS,URXCRS,0.00039481639190523345,0.0015240640592464416,True
All available covariates,URXUMS,URXUMS,0.05500915695342128,0.002618862373561163,True
GCI biochemical confounders,BMXBMI,Body mass index,0.18435342490626158,0.1591533695881116,False
GCI biochemical confounders,DMDEDUC2,Education,0.10309421692775841,0.09292784745014025,False
GCI biochemical confounders,LBDBPBSI,LBDBPBSI,0.03603601088554787,0.026606891712242002,False
GCI biochemical confounders,LBDEONO,LBDEONO,0.1005233407506984,0.090473498820939,False
GCI biochemical confounders,LBDFOTSI,LBDFOTSI,0.0008287659865363752,0.010265993543946588,False
GCI biochemical confounders,LBDLYMNO,LBDLYMNO,0.15317180355088306,0.14228836927781915,False
GCI biochemical confounders,LBDMONO,LBDMONO,0.11715532441985525,0.09986968034803867,False
GCI biochemical confounders,LBDNENO,LBDNENO,0.16214108033680572,0.15952763647244508,False
GCI biochemical confounders,LBDRFOSI,LBDRFOSI,0.14672782111326302,0.14646763780005348,False
GCI biochemical confounders,LBDSALSI,LBDSALSI,0.021409494311895903,0.005826045257242211,False
GCI biochemical confounders,LBDSBUSI,LBDSBUSI,0.06970980727372701,0.07269576484415016,False
GCI biochemical confounders,LBDSCHSI,LBDSCHSI,0.3190679909478589,0.297627722515733,False
GCI biochemical confounders,LBDSCRSI,LBDSCRSI,0.05121311256626114,0.04928724507794368,False
GCI biochemical confounders,LBDSGBSI,LBDSGBSI,0.03451451084746113,0.03811711544570869,False
GCI biochemical confounders,LBDSGLSI,LBDSGLSI,0.22927969160492026,0.19632929430887588,False
GCI biochemical confounders,LBDSIRSI,LBDSIRSI,0.08723806335104133,0.05571059747646405,False
GCI biochemical confounders,LBDSPHSI,LBDSPHSI,0.0039768269204803934,0.006277191037125056,False
GCI biochemical confounders,LBDSTBSI,LBDSTBSI,0.047250947795236295,0.05461986027242771,False
GCI biochemical confounders,LBDSTPSI,LBDSTPSI,0.05157061734346775,0.03404236703072948,False
GCI biochemical confounders,LBDSUASI,LBDSUASI,0.28570985341875066,0.2414386005922876,False
GCI biochemical confounders,LBDTCSI,LBDTCSI,0.32198693681311547,0.30055120522756457,False
GCI biochemical confounders,LBXBCD,LBXBCD,0.03855167057522834,0.04452856588432751,False
GCI biochemical confounders,LBXBMN,LBXBMN,0.014781053871067994,0.019095373902917958,False
GCI biochemical confounders,LBXBSE,LBXBSE,0.13237830990717991,0.11217376086360313,False
GCI biochemical confounders,LBXEOPCT,LBXEOPCT,0.033660419675974364,0.025299812727902268,False
GCI biochemical confounders,LBXGH,LBXGH,0.18065924184082943,0.16506364565315057,False
GCI biochemical confounders,LBXHCT,LBXHCT,0.1757458563553111,0.11745629388407988,False
GCI biochemical confounders,LBXHGB,LBXHGB,0.19283296615684972,0.1326473758787404,False
GCI biochemical confounders,LBXLYPCT,LBXLYPCT,0.02198921556230874,0.02575013019876835,False
GCI biochemical confounders,LBXMC,LBXMC,0.11065876784467303,0.08728871621551543,False
GCI biochemical confounders,LBXMCHSI,LBXMCHSI,0.03805708047876133,0.022401112103183206,False
GCI biochemical confounders,LBXMCVSI,LBXMCVSI,0.001263212024922863,0.010370098627609901,False
GCI biochemical confounders,LBXMOPCT,LBXMOPCT,0.06896688368152072,0.0854797605992262,False
GCI biochemical confounders,LBXMPSI,LBXMPSI,0.042235996320230076,0.0394441484304263,False
GCI biochemical confounders,LBXNEPCT,LBXNEPCT,0.028631348164472898,0.03824686145751743,False
GCI biochemical confounders,LBXPLTSI,LBXPLTSI,0.06732030520035272,0.07170170760037413,False
GCI biochemical confounders,LBXRBCSI,LBXRBCSI,0.16988656556917683,0.11884130127585311,False
GCI biochemical confounders,LBXRDW,LBXRDW,0.040296036574942684,0.019798504873973808,False
GCI biochemical confounders,LBXSAPSI,LBXSAPSI,0.12377493430580357,0.08325788594268778,False
GCI biochemical confounders,LBXSASSI,Aspartate aminotransferase,0.07089348425261839,0.047071292907331454,True
GCI biochemical confounders,LBXSATSI,Alanine aminotransferase,0.18607657274533207,0.009141053934396402,True
GCI biochemical confounders,LBXSC3SI,LBXSC3SI,0.07868472748694867,0.07546924624826944,False
GCI biochemical confounders,LBXSCA,LBXSCA,0.0726799291787711,0.055912805457194174,False
GCI biochemical confounders,LBXSCK,LBXSCK,0.03644545733542342,0.031312501694801556,False
GCI biochemical confounders,LBXSCLSI,LBXSCLSI,0.08069087034973324,0.06713600367450943,False
GCI biochemical confounders,LBXSGTSI,Gamma glutamyl transferase,0.13716223691530965,0.04272853341603993,True
GCI biochemical confounders,LBXSKSI,LBXSKSI,0.025648058535468702,0.01599466656138209,False
GCI biochemical confounders,LBXSLDSI,LBXSLDSI,0.0012141674138204052,0.013769790808571587,False
GCI biochemical confounders,LBXSNASI,LBXSNASI,0.047849525740012666,0.04474099094597242,False
GCI biochemical confounders,LBXSOSSI,LBXSOSSI,0.03460141444112026,0.030800373147469452,False
GCI biochemical confounders,LBXTHG,LBXTHG,0.001864991728054079,0.008675136188440584,False
GCI biochemical confounders,LBXWBCSI,LBXWBCSI,0.21089355299495,0.2015525370566044,False
GCI biochemical confounders,RIAGENDR,Sex,0.11269283621597907,0.05802229710861406,False
GCI biochemical confounders,RIDAGEYR,Age,0.11916030620672316,0.13355919350498294,False
GCI biochemical confounders,RIDRETH3,Race/ethnicity,0.07086504966287713,0.05620189146000265,False
GCI biochemical confounders,URDFLOW1,URDFLOW1,0.007356960950765342,0.012796446889764418,False
GCI biochemical confounders,URXCRS,URXCRS,0.00039481639190523345,0.01827858486475849,False
GCI biochemical confounders,URXUMS,URXUMS,0.05500915695342128,0.05463163096736251,False
GCI-guided adjustment,BMXBMI,Body mass index,0.18435342490626158,0.15279604866241303,False
GCI-guided adjustment,DMDEDUC2,Education,0.10309421692775841,0.07607849380748823,False
GCI-guided adjustment,LBDBPBSI,LBDBPBSI,0.03603601088554787,0.0034934575064974652,False
GCI-guided adjustment,LBDEONO,LBDEONO,0.1005233407506984,0.08085011976904177,False
GCI-guided adjustment,LBDFOTSI,LBDFOTSI,0.0008287659865363752,0.025757936222716375,False
GCI-guided adjustment,LBDLYMNO,LBDLYMNO,0.15317180355088306,0.15778717915637694,False
GCI-guided adjustment,LBDMONO,LBDMONO,0.11715532441985525,0.08640279086290117,False
GCI-guided adjustment,LBDNENO,LBDNENO,0.16214108033680572,0.1593970378299141,False
GCI-guided adjustment,LBDRFOSI,LBDRFOSI,0.14672782111326302,0.1075708999473812,False
GCI-guided adjustment,LBDSALSI,LBDSALSI,0.021409494311895903,0.010407166764918445,False
GCI-guided adjustment,LBDSBUSI,LBDSBUSI,0.06970980727372701,0.021440459507970012,False
GCI-guided adjustment,LBDSCHSI,LBDSCHSI,0.3190679909478589,0.2828223683725956,False
GCI-guided adjustment,LBDSCRSI,LBDSCRSI,0.05121311256626114,0.02461323498360453,False
GCI-guided adjustment,LBDSGBSI,LBDSGBSI,0.03451451084746113,0.03874194388314103,False
GCI-guided adjustment,LBDSGLSI,LBDSGLSI,0.22927969160492026,0.1495557247833662,False
GCI-guided adjustment,LBDSIRSI,LBDSIRSI,0.08723806335104133,0.04992090323535382,False
GCI-guided adjustment,LBDSPHSI,LBDSPHSI,0.0039768269204803934,0.016093077930884367,False
GCI-guided adjustment,LBDSTBSI,LBDSTBSI,0.047250947795236295,0.0653029737243317,False
GCI-guided adjustment,LBDSTPSI,LBDSTPSI,0.05157061734346775,0.04729489142730656,False
GCI-guided adjustment,LBDSUASI,LBDSUASI,0.28570985341875066,0.2175780601167019,False
GCI-guided adjustment,LBDTCSI,LBDTCSI,0.32198693681311547,0.2850848277267089,False
GCI-guided adjustment,LBXBCD,LBXBCD,0.03855167057522834,0.03770225128979733,False
GCI-guided adjustment,LBXBMN,LBXBMN,0.014781053871067994,0.038020500864632795,False
GCI-guided adjustment,LBXBSE,LBXBSE,0.13237830990717991,0.10897245088577737,False
GCI-guided adjustment,LBXEOPCT,LBXEOPCT,0.033660419675974364,0.012039590989593141,False
GCI-guided adjustment,LBXGH,LBXGH,0.18065924184082943,0.1174584737894473,False
GCI-guided adjustment,LBXHCT,LBXHCT,0.1757458563553111,0.11620352474812365,False
GCI-guided adjustment,LBXHGB,LBXHGB,0.19283296615684972,0.13307877952158775,False
GCI-guided adjustment,LBXLYPCT,LBXLYPCT,0.02198921556230874,0.0017221119834874856,False
GCI-guided adjustment,LBXMC,LBXMC,0.11065876784467303,0.09239368560667545,False
GCI-guided adjustment,LBXMCHSI,LBXMCHSI,0.03805708047876133,0.002489521374853251,False
GCI-guided adjustment,LBXMCVSI,LBXMCVSI,0.001263212024922863,0.037080069455330884,False
GCI-guided adjustment,LBXMOPCT,LBXMOPCT,0.06896688368152072,0.10813042726242489,False
GCI-guided adjustment,LBXMPSI,LBXMPSI,0.042235996320230076,0.035012105891433706,False
GCI-guided adjustment,LBXNEPCT,LBXNEPCT,0.028631348164472898,0.025585260552515993,False
GCI-guided adjustment,LBXPLTSI,LBXPLTSI,0.06732030520035272,0.09405587438640066,False
GCI-guided adjustment,LBXRBCSI,LBXRBCSI,0.16988656556917683,0.1341739558943084,False
GCI-guided adjustment,LBXRDW,LBXRDW,0.040296036574942684,0.03631583600671268,False
GCI-guided adjustment,LBXSAPSI,LBXSAPSI,0.12377493430580357,0.06410489829947719,False
GCI-guided adjustment,LBXSASSI,Aspartate aminotransferase,0.07089348425261839,0.03986224787082675,True
GCI-guided adjustment,LBXSATSI,Alanine aminotransferase,0.18607657274533207,0.0056226068640610055,True
GCI-guided adjustment,LBXSC3SI,LBXSC3SI,0.07868472748694867,0.10179948462160841,False
GCI-guided adjustment,LBXSCA,LBXSCA,0.0726799291787711,0.049652942224438903,False
GCI-guided adjustment,LBXSCK,LBXSCK,0.03644545733542342,0.026232687581515767,False
GCI-guided adjustment,LBXSCLSI,LBXSCLSI,0.08069087034973324,0.05897656700266698,False
GCI-guided adjustment,LBXSGTSI,Gamma glutamyl transferase,0.13716223691530965,0.07409359664016471,True
GCI-guided adjustment,LBXSKSI,LBXSKSI,0.025648058535468702,0.002317313191165857,False
GCI-guided adjustment,LBXSLDSI,LBXSLDSI,0.0012141674138204052,0.041595629464224654,False
GCI-guided adjustment,LBXSNASI,LBXSNASI,0.047849525740012666,0.06306778020230401,False
GCI-guided adjustment,LBXSOSSI,LBXSOSSI,0.03460141444112026,0.014049241325234885,False
GCI-guided adjustment,LBXTHG,LBXTHG,0.001864991728054079,0.015223619240627968,False
GCI-guided adjustment,LBXWBCSI,LBXWBCSI,0.21089355299495,0.20568689618758995,False
GCI-guided adjustment,RIAGENDR,Sex,0.11269283621597907,0.04604399880021471,False
GCI-guided adjustment,RIDAGEYR,Age,0.11916030620672316,0.0006138987456440616,True
GCI-guided adjustment,RIDRETH3,Race/ethnicity,0.07086504966287713,0.04690842274107704,False
GCI-guided adjustment,URDFLOW1,URDFLOW1,0.007356960950765342,0.004826716812420484,False
GCI-guided adjustment,URXCRS,URXCRS,0.00039481639190523345,0.0020911217929686877,False
GCI-guided adjustment,URXUMS,URXUMS,0.05500915695342128,0.045364023293589795,False
