Mechanism,Mechanism key,Case,Adjustment strategy,Adjustment variables,Set size,Split,RMSE_MTEF_mean,RMSE_MTEF_sd,Bias_MTEF_mean,Bias_MTEF_sd,MAE_MTEF_mean,RMSE_factual_mean
Additive nonlinear,additive_sine,Case 1,No adjustment,--,0,test,0.29536565569144313,0.0888331997981136,-0.02195727923781058,0.024583240892590737,0.13168903924829467,1.4037958181050822
Additive nonlinear,additive_sine,Case 1,All covariates,"X1, X2, X3, X4, X5, X6, X7, X8",8,test,0.500804407034656,0.10143058689686622,-0.09719536866147982,0.05474462075996813,0.3334352605084719,1.2241904069846705
Additive nonlinear,additive_sine,Case 1,Root-only,X3,1,test,0.35413782170598723,0.09794557526620719,-0.12809137962243097,0.03765251141656842,0.17145530970033349,1.4366114289330536
Additive nonlinear,additive_sine,Case 1,Treatment-parent,"X2, X3",2,test,0.3863322928998444,0.11824978799900508,-0.09168294213798424,0.04811627382824252,0.2189403424817835,1.4574745581372461
Additive nonlinear,additive_sine,Case 1,Outcome-parent,"X4, X5",2,test,0.29282862905287727,0.07367765395476483,-0.08068315016857755,0.01734534966608706,0.1400561724866139,1.0514737285435822
Additive nonlinear,additive_sine,Case 1,GCI-guided valid,X5,1,test,0.3025890806950281,0.08400312373162701,-0.10089028748387774,0.02438058002683385,0.14478339992510617,1.2295819038380489
Additive nonlinear,additive_sine,Case 2,No adjustment,--,0,test,0.5151607096501092,0.060277629599837505,-0.03766820995963255,0.019839929403125185,0.36276548248161394,1.5655083504715597
Additive nonlinear,additive_sine,Case 2,All covariates,"X1, X2, X3, X4, X5, X6, X7, X8, X9",9,test,0.7314871641962111,0.05255023958907997,-0.030354145416872813,0.09537533659276005,0.6048241430416366,1.3379783402989505
Additive nonlinear,additive_sine,Case 2,Root-only,X3,1,test,0.5164445065124736,0.05775847142624401,-0.05883167035618982,0.02227108866097269,0.3705760463338031,1.5629366339058701
Additive nonlinear,additive_sine,Case 2,Treatment-parent,"X2, X3",2,test,0.565183247228694,0.06682089521205661,-0.014507124211005279,0.04076507209691538,0.4080720929824932,1.5848650403450244
Additive nonlinear,additive_sine,Case 2,Outcome-parent,"X6, X7, X8",3,test,0.5885643447216593,0.04375862148977826,-0.02624324654844795,0.04953050923416556,0.5041283642052846,1.096532314163944
Additive nonlinear,additive_sine,Case 2,GCI-guided valid,X7,1,test,0.5300388432946299,0.056172410336499244,-0.060543617791162394,0.021508523036413874,0.37342994139264896,1.3756617320048308
Additive nonlinear,additive_sine,Case 3,No adjustment,--,0,test,0.2953665914477892,0.05802468159033042,0.018672141025899012,0.02158447338525136,0.15461391774119626,1.3912470202844454
Additive nonlinear,additive_sine,Case 3,All covariates,"X1, X2, X3, X4, X5, X6, X7",7,test,0.5373219677445807,0.0767527223369977,-0.2882080590929743,0.04916955930226854,0.41634598590088256,1.1546341261724857
Additive nonlinear,additive_sine,Case 3,Root-only,X3,1,test,0.30706282195059253,0.06363346205413649,-0.034846574545165133,0.020290865964055882,0.16770337269921515,1.3683922605454062
Additive nonlinear,additive_sine,Case 3,Treatment-parent,"X2, X3",2,test,0.3145763587821401,0.05369077292432854,-0.04282779458698056,0.024664215019446867,0.2031435559045473,1.3900799462531954
Additive nonlinear,additive_sine,Case 3,Outcome-parent,"X4, X5",2,test,0.3445192202907045,0.07086327839470548,-0.02318604473299742,0.023167305069902024,0.15823287647660608,1.0511658336787737
Additive nonlinear,additive_sine,Case 3,GCI-guided valid,X5,1,test,0.3021546623627412,0.06245401874720259,-0.02476545610512312,0.019689540001718978,0.1577042816620888,1.2188712470035523
Additive nonlinear,additive_sine,Case 4,No adjustment,--,0,test,0.4305477242425907,0.014917226061097001,0.3974686814867917,0.010175935126440402,0.41453102398086134,1.365735708630542
Additive nonlinear,additive_sine,Case 4,All covariates,"X1, X2, X3, X4, X5, X6, X7",7,test,0.3739774282825135,0.03851407861165986,-0.015205290036612102,0.054354294844559045,0.27388850040741186,1.127164018910583
Additive nonlinear,additive_sine,Case 4,Root-only,"X2, X3, X4",3,test,0.2421034665411642,0.04328203901092374,0.009795710510933978,0.022575010612931386,0.1606850738411835,1.1862489268664398
Additive nonlinear,additive_sine,Case 4,Treatment-parent,"X1, X2, X3, X4",4,test,0.2764391618005272,0.049183700218436766,0.02170909193235589,0.03004182228253072,0.1842002231798336,1.2026060634097893
Additive nonlinear,additive_sine,Case 4,Outcome-parent,"X3, X4, X5",3,test,0.23547404161405255,0.018996920606920025,0.015195218372281697,0.025542206653831237,0.14653035459443964,1.0523629575821274
Additive nonlinear,additive_sine,Case 4,GCI-guided valid,"X3, X4, X5",3,test,0.23547404161405255,0.018996920606920025,0.015195218372281697,0.025542206653831237,0.14653035459443964,1.0523629575821274
Multiplicative noise,multiplicative,Case 1,No adjustment,--,0,test,0.38294735124892093,0.027142827877647557,0.22175885099119438,0.03602301765469782,0.29295585508060235,0.7751695962411245
Multiplicative noise,multiplicative,Case 1,All covariates,"X1, X2, X3, X4, X5, X6, X7, X8",8,test,0.5048625580515266,0.03955554964851387,-0.04917355529756008,0.1054178479899215,0.3894667039242057,0.3389647560737374
Multiplicative noise,multiplicative,Case 1,Root-only,X3,1,test,0.5744524385196119,0.11945907139675122,-0.20316331840145857,0.04278524385693942,0.3649370572524705,0.6963562970392404
Multiplicative noise,multiplicative,Case 1,Treatment-parent,"X2, X3",2,test,0.9155031336677502,0.15315081354432675,-0.29343943274916634,0.18910347578444128,0.6313760578079836,0.6835379529220502
Multiplicative noise,multiplicative,Case 1,Outcome-parent,"X4, X5",2,test,0.22065320142895795,0.011942155446403408,-0.011159108053187575,0.017151356279771744,0.17710329625723142,0.33476780734446604
Multiplicative noise,multiplicative,Case 1,GCI-guided valid,X5,1,test,0.2156957528294566,0.007260209619535768,-0.005997683174938809,0.016218997584433712,0.17971660418504692,0.6172999920216734
Multiplicative noise,multiplicative,Case 2,No adjustment,--,0,test,0.6332986291699667,0.0682988138782498,0.3201913712580765,0.03342871171027581,0.5112869440941721,0.9397381772915508
Multiplicative noise,multiplicative,Case 2,All covariates,"X1, X2, X3, X4, X5, X6, X7, X8, X9",9,test,0.9851915160148247,0.07885744225680427,-0.5000015168783757,0.0739324804402842,0.760940718777694,0.4954619148154656
Multiplicative noise,multiplicative,Case 2,Root-only,X3,1,test,0.49003005846767705,0.07433200148532498,-0.07560753163115393,0.05094507770210396,0.30039479374887607,0.8813895270337987
Multiplicative noise,multiplicative,Case 2,Treatment-parent,"X2, X3",2,test,0.5483849585828791,0.1070699516520591,0.029616841014210027,0.08206796290452804,0.3631666288101324,0.9127781412522669
Multiplicative noise,multiplicative,Case 2,Outcome-parent,"X6, X7, X8",3,test,0.5788979904751054,0.02063806573352137,-0.24932880100732432,0.044798757427765575,0.45956406167715713,0.3510954298871904
Multiplicative noise,multiplicative,Case 2,GCI-guided valid,X7,1,test,0.4508070671632101,0.06822411016038919,-0.010626420964519167,0.05860582030749902,0.30482589316656344,0.8743000467075343
Multiplicative noise,multiplicative,Case 3,No adjustment,--,0,test,0.37565038153188657,0.029928816346185612,0.2860883998201147,0.04993284242634726,0.31909261288393787,0.940679618483648
Multiplicative noise,multiplicative,Case 3,All covariates,"X1, X2, X3, X4, X5, X6, X7",7,test,0.9319273663694432,0.08451374548339868,-0.4504046407876229,0.10562696139157937,0.677268150997582,0.3712066495219462
Multiplicative noise,multiplicative,Case 3,Root-only,X3,1,test,0.5355008470152519,0.038947055222064805,-0.28972118720752316,0.029780708635889747,0.385869802454244,0.7510763068704538
Multiplicative noise,multiplicative,Case 3,Treatment-parent,"X2, X3",2,test,1.0881744336535273,0.11163342592415082,0.08762792099572024,0.18620277964181983,0.7816005408788195,0.7380178258198172
Multiplicative noise,multiplicative,Case 3,Outcome-parent,"X4, X5",2,test,0.21982425717884188,0.012017102631891105,-0.003349996953543282,0.011912453788499441,0.1746862854244214,0.35000949276906845
Multiplicative noise,multiplicative,Case 3,GCI-guided valid,X5,1,test,0.21010270109285845,0.01311933011460671,-0.017760588664536624,0.02278206383972719,0.17011018448137552,0.6208430653284507
Multiplicative noise,multiplicative,Case 4,No adjustment,--,0,test,0.6313019007627261,0.014860605132161996,0.5922860607257799,0.017654252583690203,0.6067796891609991,0.8327883526193725
Multiplicative noise,multiplicative,Case 4,All covariates,"X1, X2, X3, X4, X5, X6, X7",7,test,0.5118153368719914,0.05291793468247659,-0.19671567604734946,0.04084296763241162,0.3874444554389214,0.4591133742982213
Multiplicative noise,multiplicative,Case 4,Root-only,"X2, X3, X4",3,test,0.2643749220079298,0.021567802284499078,-0.05825389998871529,0.03582175569964703,0.2031197071711639,0.6167083545890426
Multiplicative noise,multiplicative,Case 4,Treatment-parent,"X1, X2, X3, X4",4,test,0.4795449939404923,0.04781950677202494,-0.1966519094069586,0.07308462721652637,0.32256510904076885,0.6158584611786854
Multiplicative noise,multiplicative,Case 4,Outcome-parent,"X3, X4, X5",3,test,0.20747572672678077,0.0109766874583034,-0.039261969177606514,0.026406342518938215,0.16334738634365786,0.4770754031886181
Multiplicative noise,multiplicative,Case 4,GCI-guided valid,"X3, X4, X5",3,test,0.20747572672678077,0.0109766874583034,-0.039261969177606514,0.026406342518938215,0.16334738634365786,0.4770754031886181
Heteroscedastic noise,heteroscedastic,Case 1,No adjustment,--,0,test,0.3935294039770053,0.0524639914927421,0.17369689005072153,0.008156374263541122,0.29216520135139984,0.9692679955441438
Heteroscedastic noise,heteroscedastic,Case 1,All covariates,"X1, X2, X3, X4, X5, X6, X7, X8",8,test,0.6452043944002424,0.07791893114084804,-0.0659035254063778,0.07069273267690857,0.45487120886203875,0.7591387623520067
Heteroscedastic noise,heteroscedastic,Case 1,Root-only,X3,1,test,0.34549730045858035,0.04585766061191522,0.02720551799729029,0.009813153683874193,0.22015754521397318,0.9189608460480923
Heteroscedastic noise,heteroscedastic,Case 1,Treatment-parent,"X2, X3",2,test,0.3981441873827796,0.05911291247169781,0.04344205309312728,0.03007349759165074,0.2602499391299573,0.9430432904242517
Heteroscedastic noise,heteroscedastic,Case 1,Outcome-parent,"X4, X5",2,test,0.3509540560951063,0.05782699726972118,-0.0041322181043162605,0.013201066596463286,0.21583570531151136,0.6637016259043441
Heteroscedastic noise,heteroscedastic,Case 1,GCI-guided valid,X5,1,test,0.3286852185982845,0.04257732240570136,0.006108976784206613,0.008216672946084708,0.20777210022946316,0.8222261546054769
Heteroscedastic noise,heteroscedastic,Case 2,No adjustment,--,0,test,0.5654993695374227,0.12782816428199267,0.05275640328363786,0.04431571053248697,0.36208508917521626,1.0811805934605272
Heteroscedastic noise,heteroscedastic,Case 2,All covariates,"X1, X2, X3, X4, X5, X6, X7, X8, X9",9,test,0.8766679285242199,0.0432252085206382,-0.3444990155130751,0.0963411014998374,0.6965469925160075,0.9109583695120615
Heteroscedastic noise,heteroscedastic,Case 2,Root-only,X3,1,test,0.5681305240315437,0.1385739762505898,-0.05876446767202239,0.04910005828407662,0.3579638705633724,1.0775215528026727
Heteroscedastic noise,heteroscedastic,Case 2,Treatment-parent,"X2, X3",2,test,0.5677437264231989,0.12511503350106684,-0.05106601030662396,0.08313669693161033,0.37380882304457874,1.0899046756852264
Heteroscedastic noise,heteroscedastic,Case 2,Outcome-parent,"X6, X7, X8",3,test,0.656763409801896,0.05984777068195247,-0.32360203300266777,0.06559658967144737,0.5434017598662189,0.7094016312071405
Heteroscedastic noise,heteroscedastic,Case 2,GCI-guided valid,X7,1,test,0.5252503586428073,0.10067373260454823,-0.07277870291545861,0.041498325353603135,0.3430529088211968,0.9851455667093205
Heteroscedastic noise,heteroscedastic,Case 3,No adjustment,--,0,test,0.3169713096429703,0.021132114956824172,0.14931471247708045,0.02599681186082235,0.24707088208929337,1.1168147765293914
Heteroscedastic noise,heteroscedastic,Case 3,All covariates,"X1, X2, X3, X4, X5, X6, X7",7,test,0.6746153682549233,0.05902523080565328,-0.2697477287970179,0.04534479645391586,0.5211393911021995,0.7647865124630007
Heteroscedastic noise,heteroscedastic,Case 3,Root-only,X3,1,test,0.35096296684201017,0.028721446196053876,0.07741603320130601,0.024898875791180188,0.272671234064726,1.0864108940269723
Heteroscedastic noise,heteroscedastic,Case 3,Treatment-parent,"X2, X3",2,test,0.45730941180197215,0.037533182916600155,0.14488582024124239,0.040158302697315074,0.3440612054924209,1.0936401777541276
Heteroscedastic noise,heteroscedastic,Case 3,Outcome-parent,"X4, X5",2,test,0.2944252264225081,0.030822504853696968,0.03542392750859539,0.012586807766133735,0.21701292158938265,0.74552783088329
Heteroscedastic noise,heteroscedastic,Case 3,GCI-guided valid,X5,1,test,0.2842495668559229,0.026113382563468096,0.023006611178334174,0.02691889171993025,0.20733166831254568,0.912094766133117
Heteroscedastic noise,heteroscedastic,Case 4,No adjustment,--,0,test,0.5242951825870963,0.023213309955565902,0.40956566896946534,0.020576718266737914,0.4715215049635491,1.0858360177345385
Heteroscedastic noise,heteroscedastic,Case 4,All covariates,"X1, X2, X3, X4, X5, X6, X7",7,test,0.5488768780901723,0.10173378408015726,-0.10153571847667231,0.06747976871497713,0.3950115943820567,0.834099834932349
Heteroscedastic noise,heteroscedastic,Case 4,Root-only,"X2, X3, X4",3,test,0.2786373437768747,0.047156090902806494,-0.05775136154750811,0.03851472268163818,0.18840398991669352,0.8999868329890759
Heteroscedastic noise,heteroscedastic,Case 4,Treatment-parent,"X1, X2, X3, X4",4,test,0.44357073977012956,0.07662420532890184,-0.08857736403889287,0.05510415628277755,0.2976737269626208,0.9122086853638576
Heteroscedastic noise,heteroscedastic,Case 4,Outcome-parent,"X3, X4, X5",3,test,0.22841868307936158,0.045575033784859144,-0.010766011748936793,0.02738723498711335,0.15802825365731177,0.7652861982675627
Heteroscedastic noise,heteroscedastic,Case 4,GCI-guided valid,"X3, X4, X5",3,test,0.22841868307936158,0.045575033784859144,-0.010766011748936793,0.02738723498711335,0.15802825365731177,0.7652861982675627
Interaction nonlinearity,interaction,Case 1,No adjustment,--,0,test,0.32486165301519954,0.0921588505755611,0.05334217904417484,0.03162046281766018,0.2274948409018119,1.352915567359002
Interaction nonlinearity,interaction,Case 1,All covariates,"X1, X2, X3, X4, X5, X6, X7, X8",8,test,0.47831878000491895,0.019450843983868378,-0.08538858458819858,0.03343541160034942,0.356878673295926,1.1121255592528656
Interaction nonlinearity,interaction,Case 1,Root-only,X3,1,test,0.3577891165425372,0.03669362734801184,0.012805314952431835,0.02031305828803343,0.2595356033585498,1.3319918711530656
Interaction nonlinearity,interaction,Case 1,Treatment-parent,"X2, X3",2,test,0.36983595490743953,0.026568437589939767,0.013652518854782959,0.011083441581965765,0.28209455448213533,1.345725490290345
Interaction nonlinearity,interaction,Case 1,Outcome-parent,"X4, X5",2,test,0.2565458694867785,0.07155174552345143,0.016491673683201903,0.025580261129093822,0.1607298462874159,1.0344645403328445
Interaction nonlinearity,interaction,Case 1,GCI-guided valid,X5,1,test,0.2798230184425961,0.09319232340731852,-0.0018584408407419186,0.03092876909108907,0.18501889512529598,1.208173831480186
Interaction nonlinearity,interaction,Case 2,No adjustment,--,0,test,0.5464633412846254,0.01952288515573877,-0.02279700131097101,0.021281233655614414,0.39115754566596095,1.5148730461652622
Interaction nonlinearity,interaction,Case 2,All covariates,"X1, X2, X3, X4, X5, X6, X7, X8, X9",9,test,0.7500772755825074,0.03705942640801014,-0.02812181326066624,0.06260313258813098,0.5988028435317412,1.3989641958008001
Interaction nonlinearity,interaction,Case 2,Root-only,X3,1,test,0.5640618807371027,0.01871258698118076,-0.11662105384608523,0.027806530566865446,0.3966605160347974,1.4962141422868442
Interaction nonlinearity,interaction,Case 2,Treatment-parent,"X2, X3",2,test,0.5762785100082282,0.019267314103230987,-0.1456844067152758,0.03241632793357484,0.4065880276071333,1.5000948516743127
Interaction nonlinearity,interaction,Case 2,Outcome-parent,"X6, X7, X8",3,test,0.5759567131201881,0.009635486699195424,-0.04359545525850504,0.058911610328905704,0.46846544198876305,1.0712572438896926
Interaction nonlinearity,interaction,Case 2,GCI-guided valid,X7,1,test,0.5926376367735936,0.056214229702046384,-0.12465487635948151,0.02817313940101993,0.3899990202912753,1.374603404923766
Interaction nonlinearity,interaction,Case 3,No adjustment,--,0,test,0.3192338741534822,0.0756969724449836,0.01867835161952348,0.027058668710204015,0.2100815169622754,1.405017206993833
Interaction nonlinearity,interaction,Case 3,All covariates,"X1, X2, X3, X4, X5, X6, X7",7,test,0.5647905329709608,0.057530554623395715,-0.22227843864503766,0.04635819097832196,0.4379674973255784,1.1022248219744282
Interaction nonlinearity,interaction,Case 3,Root-only,X3,1,test,0.3197115504395958,0.058803442745432734,0.0258338132871612,0.030669320733470628,0.2287509378208794,1.36511381047284
Interaction nonlinearity,interaction,Case 3,Treatment-parent,"X2, X3",2,test,0.32946669537740736,0.0571717817877974,0.020302078904663103,0.03713896565536472,0.24122867405353993,1.3748705845226648
Interaction nonlinearity,interaction,Case 3,Outcome-parent,"X4, X5",2,test,0.2731071183500925,0.07065607201066228,-0.017354531053371848,0.023802881951312978,0.1754911876607138,1.0842450213965518
Interaction nonlinearity,interaction,Case 3,GCI-guided valid,X5,1,test,0.2880346624660723,0.07822181539964938,-0.009019297384623665,0.023080205722760143,0.18358369455884155,1.2118027129227575
Interaction nonlinearity,interaction,Case 4,No adjustment,--,0,test,0.3525955378524773,0.030591420463419276,0.26977699511874437,0.012946494868517462,0.3032910291522321,1.4322702197208053
Interaction nonlinearity,interaction,Case 4,All covariates,"X1, X2, X3, X4, X5, X6, X7",7,test,0.4524935935843139,0.02200654063191557,-0.12853049475496356,0.04494112997637466,0.3496625360326729,1.2093797286803158
Interaction nonlinearity,interaction,Case 4,Root-only,"X2, X3, X4",3,test,0.23032963219811062,0.051056187241526794,-0.05564085500358251,0.018038180595130446,0.16425608725727023,1.234517975324434
Interaction nonlinearity,interaction,Case 4,Treatment-parent,"X1, X2, X3, X4",4,test,0.2760683873066402,0.05012732935729183,-0.06733823849379533,0.023099467188006175,0.20328033598249765,1.2491062479122357
Interaction nonlinearity,interaction,Case 4,Outcome-parent,"X3, X4, X5",3,test,0.2222445592986312,0.026000230319903728,-0.05504010387961159,0.028284669226578067,0.16457376232243304,1.0921831148615921
Interaction nonlinearity,interaction,Case 4,GCI-guided valid,"X3, X4, X5",3,test,0.2222445592986312,0.026000230319903728,-0.05504010387961159,0.028284669226578067,0.16457376232243304,1.0921831148615921
