mechanism,mechanism_label,case_id,adjustment_strategy,adjustment_variables,adjustment_set_size,repeat,split,rmse_mtef,bias_mtef,mae_mtef,rmse_factual
additive_sine,Additive nonlinear,1,No adjustment,--,0,0,test,0.30653893613282307,-0.018085433729072634,0.13063203061320233,1.445023107943863
additive_sine,Additive nonlinear,1,No adjustment,--,0,1,test,0.24440943338076676,-0.026410813344641914,0.13196643938514968,1.523801551918297
additive_sine,Additive nonlinear,1,No adjustment,--,0,2,test,0.2754547686942322,0.014500157007144219,0.13447270881307147,1.3309472889870402
additive_sine,Additive nonlinear,1,No adjustment,--,0,3,test,0.4406808574032866,-0.054210153677426265,0.15363258522123246,1.301383989584064
additive_sine,Additive nonlinear,1,No adjustment,--,0,4,test,0.20974428284610716,-0.02558015244505631,0.10774143220881742,1.417823152092147
additive_sine,Additive nonlinear,1,All covariates,"X1, X2, X3, X4, X5, X6, X7, X8",8,0,test,0.5010888460715286,-0.1017704139884886,0.3434082740535564,1.2636616005212222
additive_sine,Additive nonlinear,1,All covariates,"X1, X2, X3, X4, X5, X6, X7, X8",8,1,test,0.45959481365928084,-0.01263024848569103,0.3390249443674357,1.2591232320700882
additive_sine,Additive nonlinear,1,All covariates,"X1, X2, X3, X4, X5, X6, X7, X8",8,2,test,0.4880530896099883,-0.12192303948148549,0.3442063861821414,1.2898212817233021
additive_sine,Additive nonlinear,1,All covariates,"X1, X2, X3, X4, X5, X6, X7, X8",8,3,test,0.66521292756141,-0.16141399382111488,0.36221220263677156,1.2580268426617356
additive_sine,Additive nonlinear,1,All covariates,"X1, X2, X3, X4, X5, X6, X7, X8",8,4,test,0.3900723582710721,-0.08823914753061912,0.27832449530245434,1.0503190779470044
additive_sine,Additive nonlinear,1,Root-only,X3,1,0,test,0.3369219328081817,-0.1485922824796797,0.15951264762740092,1.6692404761054658
additive_sine,Additive nonlinear,1,Root-only,X3,1,1,test,0.2943351141367177,-0.11853798219233166,0.16897581594492206,1.606672760916464
additive_sine,Additive nonlinear,1,Root-only,X3,1,2,test,0.34662414517289336,-0.09721850189326585,0.16181774831505324,1.2728713931493094
additive_sine,Additive nonlinear,1,Root-only,X3,1,3,test,0.5206442179237339,-0.1828181542457429,0.21942886663935832,1.2867991866027522
additive_sine,Additive nonlinear,1,Root-only,X3,1,4,test,0.27216369848840927,-0.09328997730113475,0.14754146997493295,1.3474733278912765
additive_sine,Additive nonlinear,1,Treatment-parent,"X2, X3",2,0,test,0.33603117494945567,-0.08628617295886602,0.18661344372093425,1.738634689657327
additive_sine,Additive nonlinear,1,Treatment-parent,"X2, X3",2,1,test,0.3001953389834871,-0.06627077942247334,0.19509335469640013,1.6261020788294482
additive_sine,Additive nonlinear,1,Treatment-parent,"X2, X3",2,2,test,0.4024367237772042,-0.0581574075884617,0.23318907364120953,1.2808321141466839
additive_sine,Additive nonlinear,1,Treatment-parent,"X2, X3",2,3,test,0.5852125353828694,-0.17577500970667745,0.29056152763456633,1.2862477808186583
additive_sine,Additive nonlinear,1,Treatment-parent,"X2, X3",2,4,test,0.30778569140620543,-0.07192534101344265,0.1892443127158074,1.3555561272341137
additive_sine,Additive nonlinear,1,Outcome-parent,"X4, X5",2,0,test,0.30752656653271443,-0.0868855094493699,0.14067971811191138,1.0277965538742562
additive_sine,Additive nonlinear,1,Outcome-parent,"X4, X5",2,1,test,0.25384948957985387,-0.08012794968082662,0.1445338880157032,1.0693189495020021
additive_sine,Additive nonlinear,1,Outcome-parent,"X4, X5",2,2,test,0.2714089324623976,-0.06282483774480391,0.12862621287290824,1.0546753038928376
additive_sine,Additive nonlinear,1,Outcome-parent,"X4, X5",2,3,test,0.4117912384005226,-0.10642532104711938,0.15056455175407044,1.102133695838709
additive_sine,Additive nonlinear,1,Outcome-parent,"X4, X5",2,4,test,0.21956691828889768,-0.06715213292076794,0.13587649167847624,1.0034441396101066
additive_sine,Additive nonlinear,1,GCI-guided valid,X5,1,0,test,0.3133796555005776,-0.10643727861469092,0.13602178000804652,1.252055554595948
additive_sine,Additive nonlinear,1,GCI-guided valid,X5,1,1,test,0.2562841898107279,-0.10738587924208899,0.14969816985775683,1.2506106592546835
additive_sine,Additive nonlinear,1,GCI-guided valid,X5,1,2,test,0.27641494811288586,-0.07950069852401338,0.12710815420273378,1.1714685054688123
additive_sine,Additive nonlinear,1,GCI-guided valid,X5,1,3,test,0.4415482951903949,-0.13559286917456637,0.1617087688305028,1.2078911546188482
additive_sine,Additive nonlinear,1,GCI-guided valid,X5,1,4,test,0.22531831486055406,-0.07553471186402899,0.14938012672649092,1.265883645251953
additive_sine,Additive nonlinear,2,No adjustment,--,0,0,test,0.5890003718417043,-0.03570930065356001,0.39059409267615364,1.6258221406819382
additive_sine,Additive nonlinear,2,No adjustment,--,0,1,test,0.42077111908589215,-0.043720479690059405,0.3296908917555362,1.5346128957607401
additive_sine,Additive nonlinear,2,No adjustment,--,0,2,test,0.5206559726205753,-0.004860894479528981,0.3885754882647185,1.4237870622054893
additive_sine,Additive nonlinear,2,No adjustment,--,0,3,test,0.5264537169887126,-0.05679269961868574,0.3343276543988325,1.6427534962755759
additive_sine,Additive nonlinear,2,No adjustment,--,0,4,test,0.5189223677136615,-0.047257675356328604,0.37063928531282886,1.6005661574340546
additive_sine,Additive nonlinear,2,All covariates,"X1, X2, X3, X4, X5, X6, X7, X8, X9",9,0,test,0.8036329642667422,0.09787161429403517,0.6775862226411546,1.3456530459307745
additive_sine,Additive nonlinear,2,All covariates,"X1, X2, X3, X4, X5, X6, X7, X8, X9",9,1,test,0.6804321775480858,-0.16972207193923816,0.5536443567604098,1.320035914064176
additive_sine,Additive nonlinear,2,All covariates,"X1, X2, X3, X4, X5, X6, X7, X8, X9",9,2,test,0.7697906684665766,-0.010806055196749414,0.6493747554051198,1.44114345018032
additive_sine,Additive nonlinear,2,All covariates,"X1, X2, X3, X4, X5, X6, X7, X8, X9",9,3,test,0.7031094119468763,-0.04173684662608709,0.5677939138164397,1.318944239869066
additive_sine,Additive nonlinear,2,All covariates,"X1, X2, X3, X4, X5, X6, X7, X8, X9",9,4,test,0.7004705987527744,-0.027377367616324567,0.5757214665850587,1.2641150514504158
additive_sine,Additive nonlinear,2,Root-only,X3,1,0,test,0.5890467228241258,-0.051766310079288065,0.39400997632632745,1.6219053589005483
additive_sine,Additive nonlinear,2,Root-only,X3,1,1,test,0.4288615590190221,-0.07616864689446264,0.34097027190570695,1.531502163417215
additive_sine,Additive nonlinear,2,Root-only,X3,1,2,test,0.5164690006801705,-0.04256011872560018,0.38750552133419985,1.4292286839034412
additive_sine,Additive nonlinear,2,Root-only,X3,1,3,test,0.5359738587365578,-0.08781963993171252,0.3349094300785994,1.6394998334762505
additive_sine,Additive nonlinear,2,Root-only,X3,1,4,test,0.5118713913024917,-0.035843636149885706,0.39548503202418184,1.5925471298318958
additive_sine,Additive nonlinear,2,Treatment-parent,"X2, X3",2,0,test,0.6157238147804475,-0.05690127024913487,0.4068482620220386,1.6340983486856133
additive_sine,Additive nonlinear,2,Treatment-parent,"X2, X3",2,1,test,0.46604078214920247,-0.028310242702913185,0.37836522310087006,1.539788364768775
additive_sine,Additive nonlinear,2,Treatment-parent,"X2, X3",2,2,test,0.5269847694468454,0.027676971140453813,0.41922776033179754,1.4266993513261583
additive_sine,Additive nonlinear,2,Treatment-parent,"X2, X3",2,3,test,0.6197699114395384,-0.04479458980420634,0.38827789325665135,1.6794514019458222
additive_sine,Additive nonlinear,2,Treatment-parent,"X2, X3",2,4,test,0.5973969583274356,0.029793510560774183,0.4476413262011083,1.6442877349987535
additive_sine,Additive nonlinear,2,Outcome-parent,"X6, X7, X8",3,0,test,0.646156310740669,0.03026004276009754,0.5564740140315406,1.1127466224183928
additive_sine,Additive nonlinear,2,Outcome-parent,"X6, X7, X8",3,1,test,0.5566224291437547,-0.05145286188350415,0.4761053947775127,1.1160775056923435
additive_sine,Additive nonlinear,2,Outcome-parent,"X6, X7, X8",3,2,test,0.6228604765734811,0.02221495029565378,0.526928573041319,1.0381152409332666
additive_sine,Additive nonlinear,2,Outcome-parent,"X6, X7, X8",3,3,test,0.5453785655013023,-0.05101021638838712,0.4687878707468296,1.1234630582070169
additive_sine,Additive nonlinear,2,Outcome-parent,"X6, X7, X8",3,4,test,0.5718039416490894,-0.0812281475260998,0.4923459684292213,1.0922591435687012
additive_sine,Additive nonlinear,2,GCI-guided valid,X7,1,0,test,0.5736396286170288,-0.06050051707976287,0.3839835189309993,1.356450505039293
additive_sine,Additive nonlinear,2,GCI-guided valid,X7,1,1,test,0.431768984183768,-0.06396060764476509,0.3357895032384766,1.3339367264922053
additive_sine,Additive nonlinear,2,GCI-guided valid,X7,1,2,test,0.541594576762928,-0.024452227328283605,0.40383929341674973,1.3066536210247743
additive_sine,Additive nonlinear,2,GCI-guided valid,X7,1,3,test,0.5511211671265366,-0.077603319099782,0.3501936173030862,1.4376824562469575
additive_sine,Additive nonlinear,2,GCI-guided valid,X7,1,4,test,0.5520698597828884,-0.07620141780321844,0.39334377407393295,1.443585351220924
additive_sine,Additive nonlinear,3,No adjustment,--,0,0,test,0.23829684568244566,0.007999430397781272,0.17427950397924408,1.4339735705421295
additive_sine,Additive nonlinear,3,No adjustment,--,0,1,test,0.3575897577532173,0.0035458045169089168,0.14169450565760047,1.3943363941015963
additive_sine,Additive nonlinear,3,No adjustment,--,0,2,test,0.23490989929403633,0.05669642178953631,0.15062839634350147,1.3321506902133229
additive_sine,Additive nonlinear,3,No adjustment,--,0,3,test,0.2989917956002789,0.012927668706156937,0.1674858404077285,1.4084778498596224
additive_sine,Additive nonlinear,3,No adjustment,--,0,4,test,0.3470446589089679,0.012191379719111621,0.13898134231790674,1.3872965967055555
additive_sine,Additive nonlinear,3,All covariates,"X1, X2, X3, X4, X5, X6, X7",7,0,test,0.48570468526486377,-0.24039248715658312,0.3814668100705886,1.1568962986521014
additive_sine,Additive nonlinear,3,All covariates,"X1, X2, X3, X4, X5, X6, X7",7,1,test,0.6679235935867207,-0.3620785589665754,0.527428844256694,1.1329454063714743
additive_sine,Additive nonlinear,3,All covariates,"X1, X2, X3, X4, X5, X6, X7",7,2,test,0.5386745423884854,-0.31027595583610457,0.42233115400028637,1.1438087454219796
additive_sine,Additive nonlinear,3,All covariates,"X1, X2, X3, X4, X5, X6, X7",7,3,test,0.4796327586744988,-0.25226162713850675,0.3820668062045358,1.1506726770587181
additive_sine,Additive nonlinear,3,All covariates,"X1, X2, X3, X4, X5, X6, X7",7,4,test,0.5146742588083351,-0.2760316663671017,0.36843631497230794,1.1888475033581551
additive_sine,Additive nonlinear,3,Root-only,X3,1,0,test,0.25113820529762054,-0.036744163315289124,0.19017249755531726,1.3999746684511674
additive_sine,Additive nonlinear,3,Root-only,X3,1,1,test,0.37198036769139065,-0.05902979944435302,0.15499339307695711,1.3602291257891252
additive_sine,Additive nonlinear,3,Root-only,X3,1,2,test,0.2358387159381608,-0.015742319735377083,0.14651680763342892,1.3118467802514022
additive_sine,Additive nonlinear,3,Root-only,X3,1,3,test,0.30779925216904713,-0.049649536434985854,0.18013970303310067,1.401720841124013
additive_sine,Additive nonlinear,3,Root-only,X3,1,4,test,0.36855756865674344,-0.013067053795820592,0.16669446219727185,1.368189887111323
additive_sine,Additive nonlinear,3,Treatment-parent,"X2, X3",2,0,test,0.255357749684242,-0.037449495719459526,0.2077842948007384,1.4066181262394966
additive_sine,Additive nonlinear,3,Treatment-parent,"X2, X3",2,1,test,0.3681792133886362,-0.07633192728052834,0.21671195661936443,1.419967512558489
additive_sine,Additive nonlinear,3,Treatment-parent,"X2, X3",2,2,test,0.26945678478498986,-0.03217827548224934,0.19623917013519881,1.335138636228289
additive_sine,Additive nonlinear,3,Treatment-parent,"X2, X3",2,3,test,0.30971263232661966,-0.05662536395708054,0.20238749496804956,1.4079964194973245
additive_sine,Additive nonlinear,3,Treatment-parent,"X2, X3",2,4,test,0.3701754137262125,-0.011553910495585034,0.19259486299938544,1.3806790367423774
additive_sine,Additive nonlinear,3,Outcome-parent,"X4, X5",2,0,test,0.26604534315793754,-0.028534591664847387,0.17401641129530895,1.1036482027647625
additive_sine,Additive nonlinear,3,Outcome-parent,"X4, X5",2,1,test,0.4206402155167971,-0.0579662185573137,0.15230138404079693,1.0356231103156772
additive_sine,Additive nonlinear,3,Outcome-parent,"X4, X5",2,2,test,0.2751256766525057,0.003970347994643202,0.1449374049931248,1.0064328065128283
additive_sine,Additive nonlinear,3,Outcome-parent,"X4, X5",2,3,test,0.36109705920017693,-0.01010373267392518,0.1817996815365615,1.060551391679257
additive_sine,Additive nonlinear,3,Outcome-parent,"X4, X5",2,4,test,0.39968780692610506,-0.023296028763544037,0.13810950051723825,1.0495736571213437
additive_sine,Additive nonlinear,3,GCI-guided valid,X5,1,0,test,0.2376330413025654,-0.015048141646928604,0.18995719774574055,1.2986858754495172
additive_sine,Additive nonlinear,3,GCI-guided valid,X5,1,1,test,0.36299608710750825,-0.040008502406272156,0.14435790024220102,1.2018819232529594
additive_sine,Additive nonlinear,3,GCI-guided valid,X5,1,2,test,0.23286038100898188,0.004446642817774752,0.1461493312610817,1.1860292442209106
additive_sine,Additive nonlinear,3,GCI-guided valid,X5,1,3,test,0.32695933603337757,-0.043319323846227886,0.16534719642566345,1.232714272318102
additive_sine,Additive nonlinear,3,GCI-guided valid,X5,1,4,test,0.3503244663612727,-0.02989795544396171,0.1427097826357573,1.1750449197762722
additive_sine,Additive nonlinear,4,No adjustment,--,0,0,test,0.4520009302432706,0.4117259384152491,0.4261837434124023,1.2738231952287695
additive_sine,Additive nonlinear,4,No adjustment,--,0,1,test,0.4224784144979618,0.3924309651832729,0.40946435185768926,1.3656771853991712
additive_sine,Additive nonlinear,4,No adjustment,--,0,2,test,0.41905281561043617,0.3977320383619227,0.40794353023143887,1.407959202056448
additive_sine,Additive nonlinear,4,No adjustment,--,0,3,test,0.4188602405212662,0.3843451496791508,0.4060461923571821,1.3343516623838494
additive_sine,Additive nonlinear,4,No adjustment,--,0,4,test,0.44034622034001847,0.4011093157943631,0.4230173020455941,1.4468672980844712
additive_sine,Additive nonlinear,4,All covariates,"X1, X2, X3, X4, X5, X6, X7",7,0,test,0.36412750827041707,-0.05556590703391524,0.2565081576607779,0.9877480807754112
additive_sine,Additive nonlinear,4,All covariates,"X1, X2, X3, X4, X5, X6, X7",7,1,test,0.3826485802557055,0.02596201447115043,0.27421195394230635,1.1498678629239398
additive_sine,Additive nonlinear,4,All covariates,"X1, X2, X3, X4, X5, X6, X7",7,2,test,0.3136856697915425,-0.03858746871679345,0.24172722409395386,1.0899301930595118
additive_sine,Additive nonlinear,4,All covariates,"X1, X2, X3, X4, X5, X6, X7",7,3,test,0.4155919894698803,-0.06593479377300919,0.3106701953504337,1.190664663374854
additive_sine,Additive nonlinear,4,All covariates,"X1, X2, X3, X4, X5, X6, X7",7,4,test,0.3938333936250221,0.05809970486950694,0.2863249709895874,1.217609294419198
additive_sine,Additive nonlinear,4,Root-only,"X2, X3, X4",3,0,test,0.2934484689070073,0.011658668889479626,0.19554455198125567,1.0760947780270012
additive_sine,Additive nonlinear,4,Root-only,"X2, X3, X4",3,1,test,0.25444359906518516,0.028258785509838295,0.17484949168071048,1.1880937325752983
additive_sine,Additive nonlinear,4,Root-only,"X2, X3, X4",3,2,test,0.17800315132398709,0.007155775699698743,0.12336144533953279,1.1844659560157123
additive_sine,Additive nonlinear,4,Root-only,"X2, X3, X4",3,3,test,0.225051061530718,-0.02671320553345521,0.15363286435946286,1.2184653589524026
additive_sine,Additive nonlinear,4,Root-only,"X2, X3, X4",3,4,test,0.25957105187892354,0.028618527989108432,0.1560370158449556,1.2641248087617842
additive_sine,Additive nonlinear,4,Treatment-parent,"X1, X2, X3, X4",4,0,test,0.29621676222741705,0.005455272432809124,0.19192479409845375,1.0827740116494433
additive_sine,Additive nonlinear,4,Treatment-parent,"X1, X2, X3, X4",4,1,test,0.30121390877186904,0.03665147557135277,0.20501910334457485,1.220052313263072
additive_sine,Additive nonlinear,4,Treatment-parent,"X1, X2, X3, X4",4,2,test,0.19848616922644305,0.01470304164271608,0.13529715407046003,1.197050466918127
additive_sine,Additive nonlinear,4,Treatment-parent,"X1, X2, X3, X4",4,3,test,0.2612276268568735,-0.013112338404756962,0.17870213704623722,1.2334467924901527
additive_sine,Additive nonlinear,4,Treatment-parent,"X1, X2, X3, X4",4,4,test,0.3250513419200331,0.06484800841965843,0.21005792733944212,1.2797067327281508
additive_sine,Additive nonlinear,4,Outcome-parent,"X3, X4, X5",3,0,test,0.24623998928161211,0.018405318742911625,0.14703572391744962,0.9624820907890466
additive_sine,Additive nonlinear,4,Outcome-parent,"X3, X4, X5",3,1,test,0.2284639031207778,0.020028122918576363,0.13704433051357817,1.0290006025780345
additive_sine,Additive nonlinear,4,Outcome-parent,"X3, X4, X5",3,2,test,0.20914083419667204,0.01649397449159518,0.13620258938158972,1.0358523637666517
additive_sine,Additive nonlinear,4,Outcome-parent,"X3, X4, X5",3,3,test,0.2339140631634432,-0.02504696065431484,0.15115402351226837,1.1207129493893844
additive_sine,Additive nonlinear,4,Outcome-parent,"X3, X4, X5",3,4,test,0.25961141830775764,0.046095636362640156,0.1612151056473123,1.1137667813875196
additive_sine,Additive nonlinear,4,GCI-guided valid,"X3, X4, X5",3,0,test,0.24623998928161211,0.018405318742911625,0.14703572391744962,0.9624820907890466
additive_sine,Additive nonlinear,4,GCI-guided valid,"X3, X4, X5",3,1,test,0.2284639031207778,0.020028122918576363,0.13704433051357817,1.0290006025780345
additive_sine,Additive nonlinear,4,GCI-guided valid,"X3, X4, X5",3,2,test,0.20914083419667204,0.01649397449159518,0.13620258938158972,1.0358523637666517
additive_sine,Additive nonlinear,4,GCI-guided valid,"X3, X4, X5",3,3,test,0.2339140631634432,-0.02504696065431484,0.15115402351226837,1.1207129493893844
additive_sine,Additive nonlinear,4,GCI-guided valid,"X3, X4, X5",3,4,test,0.25961141830775764,0.046095636362640156,0.1612151056473123,1.1137667813875196
multiplicative,Multiplicative noise,1,No adjustment,--,0,0,test,0.39946713300242553,0.2697563817082484,0.3195494719734471,0.7683011064903109
multiplicative,Multiplicative noise,1,No adjustment,--,0,1,test,0.37505448673574615,0.21300870838784014,0.29182409505605283,0.7825079927327695
multiplicative,Multiplicative noise,1,No adjustment,--,0,2,test,0.35753717904563315,0.24556584367576015,0.28249798000694865,0.7935377388381041
multiplicative,Multiplicative noise,1,No adjustment,--,0,3,test,0.4215483832793072,0.20153659057149562,0.3062511597591834,0.7856471426824005
multiplicative,Multiplicative noise,1,No adjustment,--,0,4,test,0.3611295741814926,0.17892673061262776,0.26465656860737985,0.7458540004620372
multiplicative,Multiplicative noise,1,All covariates,"X1, X2, X3, X4, X5, X6, X7, X8",8,0,test,0.5255816712802918,-0.03821856137564507,0.38415052851718684,0.36899680517378003
multiplicative,Multiplicative noise,1,All covariates,"X1, X2, X3, X4, X5, X6, X7, X8",8,1,test,0.5600994538902839,0.02024616756187763,0.428765623684054,0.34495138438019113
multiplicative,Multiplicative noise,1,All covariates,"X1, X2, X3, X4, X5, X6, X7, X8",8,2,test,0.48577013418659243,-0.1114576151314351,0.3848171985032112,0.33442395417350995
multiplicative,Multiplicative noise,1,All covariates,"X1, X2, X3, X4, X5, X6, X7, X8",8,3,test,0.456469360101263,0.07495326204344918,0.3518689196708401,0.3341561134760076
multiplicative,Multiplicative noise,1,All covariates,"X1, X2, X3, X4, X5, X6, X7, X8",8,4,test,0.49639217079920167,-0.19139102958604703,0.3977312492457362,0.3122955231651983
multiplicative,Multiplicative noise,1,Root-only,X3,1,0,test,0.7605249026834697,-0.25720449843062176,0.45401347057634595,0.6826733796525356
multiplicative,Multiplicative noise,1,Root-only,X3,1,1,test,0.4594304403090449,-0.14281419189429484,0.3080851194571122,0.6804703233705817
multiplicative,Multiplicative noise,1,Root-only,X3,1,2,test,0.49785577528776326,-0.18940330154661417,0.33875495565695674,0.7133113332983261
multiplicative,Multiplicative noise,1,Root-only,X3,1,3,test,0.6181304756942012,-0.22678300061034856,0.37302336526369273,0.739674338223817
multiplicative,Multiplicative noise,1,Root-only,X3,1,4,test,0.5363205986235806,-0.19961159952541344,0.3508083753082448,0.6656521106509418
multiplicative,Multiplicative noise,1,Treatment-parent,"X2, X3",2,0,test,0.9857798152704557,-0.09136715357689561,0.6585843543776682,0.6869093177754924
multiplicative,Multiplicative noise,1,Treatment-parent,"X2, X3",2,1,test,0.8080603140724616,-0.25962364016567707,0.5812825283246397,0.6761273341153217
multiplicative,Multiplicative noise,1,Treatment-parent,"X2, X3",2,2,test,0.7038120870446026,-0.1683454846926734,0.5049796388996536,0.7052907525889286
multiplicative,Multiplicative noise,1,Treatment-parent,"X2, X3",2,3,test,1.012004437263271,-0.37327936411443974,0.6443555254363921,0.6678193646411336
multiplicative,Multiplicative noise,1,Treatment-parent,"X2, X3",2,4,test,1.0678590146879599,-0.5745815211961459,0.7676782420015644,0.6815429954893752
multiplicative,Multiplicative noise,1,Outcome-parent,"X4, X5",2,0,test,0.21774710154038313,-0.00408919742458708,0.18019463175083414,0.31220505500059065
multiplicative,Multiplicative noise,1,Outcome-parent,"X4, X5",2,1,test,0.21191268547027386,-0.000896899626578228,0.17182204745697718,0.3407287566136859
multiplicative,Multiplicative noise,1,Outcome-parent,"X4, X5",2,2,test,0.21802662461849637,0.0025806785059551006,0.18193596923307143,0.35596571951471445
multiplicative,Multiplicative noise,1,Outcome-parent,"X4, X5",2,3,test,0.24151673024425535,-0.013468834321575847,0.18593463479230074,0.3541106171510971
multiplicative,Multiplicative noise,1,Outcome-parent,"X4, X5",2,4,test,0.2140628652713811,-0.039921287399151816,0.1656291980529737,0.3108288884422421
multiplicative,Multiplicative noise,1,GCI-guided valid,X5,1,0,test,0.22170505083234443,0.018787199957587878,0.19283642465128026,0.5897328578898643
multiplicative,Multiplicative noise,1,GCI-guided valid,X5,1,1,test,0.20890357772614923,-0.004468250589199857,0.17688132607539067,0.6212206921536446
multiplicative,Multiplicative noise,1,GCI-guided valid,X5,1,2,test,0.22478316546771035,-0.0045384555488191735,0.19250118884758335,0.6409770498762482
multiplicative,Multiplicative noise,1,GCI-guided valid,X5,1,3,test,0.209142074428283,-0.014996728666580523,0.16570091098909365,0.6164388444274151
multiplicative,Multiplicative noise,1,GCI-guided valid,X5,1,4,test,0.21394489569279598,-0.02477218102768237,0.17066317036188672,0.6181305157611946
multiplicative,Multiplicative noise,2,No adjustment,--,0,0,test,0.5582852287041141,0.27587662573344707,0.46977044925800193,0.9485939088739429
multiplicative,Multiplicative noise,2,No adjustment,--,0,1,test,0.6892394919893805,0.3095571598931345,0.5352437826727997,0.9219766841108611
multiplicative,Multiplicative noise,2,No adjustment,--,0,2,test,0.7201930039233883,0.3154562675863979,0.5413732450884534,0.9528440473693667
multiplicative,Multiplicative noise,2,No adjustment,--,0,3,test,0.5942892614306318,0.36720193663705764,0.5036642155446567,0.9314135315093302
multiplicative,Multiplicative noise,2,No adjustment,--,0,4,test,0.6044861598023188,0.3328648664403455,0.5063830279069483,0.9438627145942532
multiplicative,Multiplicative noise,2,All covariates,"X1, X2, X3, X4, X5, X6, X7, X8, X9",9,0,test,1.061504487686598,-0.5166452373245102,0.7884035687910855,0.3880636367680612
multiplicative,Multiplicative noise,2,All covariates,"X1, X2, X3, X4, X5, X6, X7, X8, X9",9,1,test,0.9321606363214869,-0.4345359464758525,0.7336198698624627,0.395754810393595
multiplicative,Multiplicative noise,2,All covariates,"X1, X2, X3, X4, X5, X6, X7, X8, X9",9,2,test,0.90952898663185,-0.4432550870379478,0.7064358630121674,0.7672680802266753
multiplicative,Multiplicative noise,2,All covariates,"X1, X2, X3, X4, X5, X6, X7, X8, X9",9,3,test,1.0789885667932233,-0.6180114345357772,0.8323386317183393,0.5017925590540576
multiplicative,Multiplicative noise,2,All covariates,"X1, X2, X3, X4, X5, X6, X7, X8, X9",9,4,test,0.9437749026409653,-0.48755987901779074,0.743905660504415,0.42443048763493885
multiplicative,Multiplicative noise,2,Root-only,X3,1,0,test,0.4531055865177291,-0.11731023661998137,0.2961801455264903,0.8868053907876056
multiplicative,Multiplicative noise,2,Root-only,X3,1,1,test,0.5696510518096444,-0.12440657699460657,0.31815928406420724,0.8809447136410711
multiplicative,Multiplicative noise,2,Root-only,X3,1,2,test,0.5700980033279692,-0.09351970525616705,0.31376385606172563,0.910514749264306
multiplicative,Multiplicative noise,2,Root-only,X3,1,3,test,0.4136206218682355,-0.0270355459722883,0.28681886375442894,0.8443519108240148
multiplicative,Multiplicative noise,2,Root-only,X3,1,4,test,0.44367502881480697,-0.015765593312726322,0.2870518193375282,0.8843308706519961
multiplicative,Multiplicative noise,2,Treatment-parent,"X2, X3",2,0,test,0.7037774324447343,-0.02989475206198315,0.3788544200718137,0.9367172464769803
multiplicative,Multiplicative noise,2,Treatment-parent,"X2, X3",2,1,test,0.4991491797877496,0.11150239162118333,0.3657783455450737,0.8880252849870447
multiplicative,Multiplicative noise,2,Treatment-parent,"X2, X3",2,2,test,0.6147301504034725,0.047170442205321114,0.41308300285343846,0.9839064533569225
multiplicative,Multiplicative noise,2,Treatment-parent,"X2, X3",2,3,test,0.46058799232684233,-0.07863197429564588,0.31271848109964084,0.8630431401211041
multiplicative,Multiplicative noise,2,Treatment-parent,"X2, X3",2,4,test,0.463680037951597,0.0979380976021747,0.34539889448069544,0.8921985813192828
multiplicative,Multiplicative noise,2,Outcome-parent,"X6, X7, X8",3,0,test,0.6075886176015031,-0.27730780678442507,0.47543623699712984,0.3144669383838242
multiplicative,Multiplicative noise,2,Outcome-parent,"X6, X7, X8",3,1,test,0.569199208365845,-0.2691605828605099,0.44477654272169864,0.3498820740925716
multiplicative,Multiplicative noise,2,Outcome-parent,"X6, X7, X8",3,2,test,0.5542030921823877,-0.21155925741332193,0.4360879184874967,0.37131269234776165
multiplicative,Multiplicative noise,2,Outcome-parent,"X6, X7, X8",3,3,test,0.5727940673878403,-0.2961475396061035,0.45461239043020724,0.3547808468350727
multiplicative,Multiplicative noise,2,Outcome-parent,"X6, X7, X8",3,4,test,0.5907049668379506,-0.19246881837226112,0.48690721974925316,0.3650345977767218
multiplicative,Multiplicative noise,2,GCI-guided valid,X7,1,0,test,0.3994740722091518,-0.036323554606013844,0.2936509606219429,0.8796949281822463
multiplicative,Multiplicative noise,2,GCI-guided valid,X7,1,1,test,0.5012561314948428,-0.04541276346776131,0.3225496310997403,0.8713345022785187
multiplicative,Multiplicative noise,2,GCI-guided valid,X7,1,2,test,0.5457154759938011,-0.07225219301076914,0.30152814025580627,0.907118286062972
multiplicative,Multiplicative noise,2,GCI-guided valid,X7,1,3,test,0.4015559613923096,0.06796482718375842,0.3160990583965137,0.8380472785726434
multiplicative,Multiplicative noise,2,GCI-guided valid,X7,1,4,test,0.4060336947259451,0.03289157907819005,0.29030167545881413,0.875305238441291
multiplicative,Multiplicative noise,3,No adjustment,--,0,0,test,0.3457588558142621,0.24632600580713152,0.28292911053176206,0.9990379032402166
multiplicative,Multiplicative noise,3,No adjustment,--,0,1,test,0.35383169246833357,0.23381990742962727,0.2865118024265112,0.9690797495130531
multiplicative,Multiplicative noise,3,No adjustment,--,0,2,test,0.3664904598930409,0.2754361343725429,0.3128141706263275,0.9405313751672072
multiplicative,Multiplicative noise,3,No adjustment,--,0,3,test,0.39431925301080645,0.3257097765049684,0.3460525950911114,0.8553569371379809
multiplicative,Multiplicative noise,3,No adjustment,--,0,4,test,0.4178516464729899,0.34915017498630346,0.3671553857439773,0.939392127359782
multiplicative,Multiplicative noise,3,All covariates,"X1, X2, X3, X4, X5, X6, X7",7,0,test,0.8649694638396243,-0.51923910302592,0.6742383853916352,0.44752458946147367
multiplicative,Multiplicative noise,3,All covariates,"X1, X2, X3, X4, X5, X6, X7",7,1,test,0.9942314454165551,-0.5830958792944709,0.6925537031284162,0.35835156701635196
multiplicative,Multiplicative noise,3,All covariates,"X1, X2, X3, X4, X5, X6, X7",7,2,test,0.8941814208781464,-0.3810028427251045,0.6565852252192311,0.36766784428056803
multiplicative,Multiplicative noise,3,All covariates,"X1, X2, X3, X4, X5, X6, X7",7,3,test,0.858571692796982,-0.45044147732778744,0.5997055718462937,0.3209254267412528
multiplicative,Multiplicative noise,3,All covariates,"X1, X2, X3, X4, X5, X6, X7",7,4,test,1.0476828089159076,-0.31824390156483123,0.763257869402334,0.36156382011008453
multiplicative,Multiplicative noise,3,Root-only,X3,1,0,test,0.5889652028618966,-0.3368704607329282,0.4158740990239542,0.8281484973281795
multiplicative,Multiplicative noise,3,Root-only,X3,1,1,test,0.5145291821866501,-0.2976553181326493,0.38722644117229116,0.7800985525258572
multiplicative,Multiplicative noise,3,Root-only,X3,1,2,test,0.48489833829941303,-0.265478527622511,0.3448551450395945,0.7253313452059786
multiplicative,Multiplicative noise,3,Root-only,X3,1,3,test,0.5398309419396586,-0.26434401598630436,0.37981759309499113,0.6684639210409994
multiplicative,Multiplicative noise,3,Root-only,X3,1,4,test,0.5492805697886414,-0.2842576135632229,0.4015757339403889,0.7533392182512543
multiplicative,Multiplicative noise,3,Treatment-parent,"X2, X3",2,0,test,1.17064653379578,-0.18517683954074438,0.731317304659945,0.8095318925723326
multiplicative,Multiplicative noise,3,Treatment-parent,"X2, X3",2,1,test,1.0760887658638891,0.14446985395768375,0.80007232746488,0.7437537629707963
multiplicative,Multiplicative noise,3,Treatment-parent,"X2, X3",2,2,test,0.9664642415723388,0.1057617906750215,0.7173020233776607,0.6807277596375491
multiplicative,Multiplicative noise,3,Treatment-parent,"X2, X3",2,3,test,0.9981428792752479,0.0431278394017663,0.704627308885348,0.6913098002125344
multiplicative,Multiplicative noise,3,Treatment-parent,"X2, X3",2,4,test,1.229529747760381,0.32995696048487405,0.9546837400062639,0.7647659137058735
multiplicative,Multiplicative noise,3,Outcome-parent,"X4, X5",2,0,test,0.21263101470242035,-0.016373811750088136,0.17381495409081488,0.38206639098705003
multiplicative,Multiplicative noise,3,Outcome-parent,"X4, X5",2,1,test,0.20899774469984173,-0.004387615480208373,0.16895936830733643,0.3642247640132443
multiplicative,Multiplicative noise,3,Outcome-parent,"X4, X5",2,2,test,0.22888682066766622,-0.012754675968586338,0.1772357868234672,0.3475055392963607
multiplicative,Multiplicative noise,3,Outcome-parent,"X4, X5",2,3,test,0.21233537163148966,0.004311658014570627,0.16734765221367923,0.3052628401891073
multiplicative,Multiplicative noise,3,Outcome-parent,"X4, X5",2,4,test,0.23627033419279153,0.012454460416595809,0.1860736656868094,0.35098792935958
multiplicative,Multiplicative noise,3,GCI-guided valid,X5,1,0,test,0.2215497955244902,-0.04535184744724589,0.1843487495665853,0.6783284175749424
multiplicative,Multiplicative noise,3,GCI-guided valid,X5,1,1,test,0.20815553781026122,-0.029482059067104823,0.16916339740563113,0.6621560105033062
multiplicative,Multiplicative noise,3,GCI-guided valid,X5,1,2,test,0.2202645597631769,-0.025096902911703613,0.17358370572895387,0.5990081210889325
multiplicative,Multiplicative noise,3,GCI-guided valid,X5,1,3,test,0.18893418046695318,0.001349009074750882,0.15245946760242,0.5398660349426259
multiplicative,Multiplicative noise,3,GCI-guided valid,X5,1,4,test,0.21160943189941062,0.00977885702862031,0.17099560210328726,0.6248567425324466
multiplicative,Multiplicative noise,4,No adjustment,--,0,0,test,0.6363219759815826,0.573773246889775,0.6090179023380256,0.8738131921813762
multiplicative,Multiplicative noise,4,No adjustment,--,0,1,test,0.6293357179448756,0.5873551572688437,0.606148260938486,0.760639281878248
multiplicative,Multiplicative noise,4,No adjustment,--,0,2,test,0.6369004298570796,0.607502482689155,0.6123854533075557,0.8199313728312523
multiplicative,Multiplicative noise,4,No adjustment,--,0,3,test,0.6467937068509079,0.613924958182496,0.6215582451528942,0.8567152601808926
multiplicative,Multiplicative noise,4,No adjustment,--,0,4,test,0.6071576731791851,0.57887445859863,0.5847885840680345,0.8528426560250933
multiplicative,Multiplicative noise,4,All covariates,"X1, X2, X3, X4, X5, X6, X7",7,0,test,0.5238610621057496,-0.16272364612026238,0.39964103691232694,0.41938732799091794
multiplicative,Multiplicative noise,4,All covariates,"X1, X2, X3, X4, X5, X6, X7",7,1,test,0.5941961051840691,-0.2644319146075091,0.45820047784414397,0.4468561087353918
multiplicative,Multiplicative noise,4,All covariates,"X1, X2, X3, X4, X5, X6, X7",7,2,test,0.5072435318705133,-0.1844230377042617,0.37296104111578143,0.5494986603483913
multiplicative,Multiplicative noise,4,All covariates,"X1, X2, X3, X4, X5, X6, X7",7,3,test,0.4771765015410235,-0.20259627449649031,0.3739319128191205,0.38267901179213965
multiplicative,Multiplicative noise,4,All covariates,"X1, X2, X3, X4, X5, X6, X7",7,4,test,0.4565994836586021,-0.16940350730822387,0.3324878085032343,0.49714576262426563
multiplicative,Multiplicative noise,4,Root-only,"X2, X3, X4",3,0,test,0.2556267592440984,-0.0006614830157136403,0.20452214119705048,0.5715100731402217
multiplicative,Multiplicative noise,4,Root-only,"X2, X3, X4",3,1,test,0.29042138652103433,-0.09199565520172982,0.21379529871606778,0.5831801567303532
multiplicative,Multiplicative noise,4,Root-only,"X2, X3, X4",3,2,test,0.2378405073147182,-0.05060578274916038,0.18963217368980329,0.6455626868502965
multiplicative,Multiplicative noise,4,Root-only,"X2, X3, X4",3,3,test,0.25559514914283554,-0.06616683775850263,0.19161675431711264,0.642381799242391
multiplicative,Multiplicative noise,4,Root-only,"X2, X3, X4",3,4,test,0.28239080781696246,-0.08183974121846994,0.21603216793578536,0.6409070569819508
multiplicative,Multiplicative noise,4,Treatment-parent,"X1, X2, X3, X4",4,0,test,0.45244802005882667,-0.12011602387688476,0.311469465582648,0.5741277029557706
multiplicative,Multiplicative noise,4,Treatment-parent,"X1, X2, X3, X4",4,1,test,0.5316091745191576,-0.22916722808280668,0.3492086674895179,0.588045684032946
multiplicative,Multiplicative noise,4,Treatment-parent,"X1, X2, X3, X4",4,2,test,0.46195852893470835,-0.17466092898632668,0.29438280176783466,0.6367492243873517
multiplicative,Multiplicative noise,4,Treatment-parent,"X1, X2, X3, X4",4,3,test,0.5276492878464374,-0.3064303924285787,0.36485393333177546,0.6342573298361798
multiplicative,Multiplicative noise,4,Treatment-parent,"X1, X2, X3, X4",4,4,test,0.42405995834333143,-0.15288497366019618,0.2929106770320683,0.6461123646811788
multiplicative,Multiplicative noise,4,Outcome-parent,"X3, X4, X5",3,0,test,0.20072098061658608,-0.012731003255705293,0.15465323648772972,0.45906606797176275
multiplicative,Multiplicative noise,4,Outcome-parent,"X3, X4, X5",3,1,test,0.21860751867001876,-0.07327471116903089,0.17240513708005317,0.5047495446139575
multiplicative,Multiplicative noise,4,Outcome-parent,"X3, X4, X5",3,2,test,0.20638592928213823,-0.019463153976156052,0.16445165409947093,0.45474177547511685
multiplicative,Multiplicative noise,4,Outcome-parent,"X3, X4, X5",3,3,test,0.19346649248102007,-0.03024529318443898,0.1509455082055924,0.4827586735488527
multiplicative,Multiplicative noise,4,Outcome-parent,"X3, X4, X5",3,4,test,0.2181977125841408,-0.06059568430270135,0.17428139584544308,0.4840609543334008
multiplicative,Multiplicative noise,4,GCI-guided valid,"X3, X4, X5",3,0,test,0.20072098061658608,-0.012731003255705293,0.15465323648772972,0.45906606797176275
multiplicative,Multiplicative noise,4,GCI-guided valid,"X3, X4, X5",3,1,test,0.21860751867001876,-0.07327471116903089,0.17240513708005317,0.5047495446139575
multiplicative,Multiplicative noise,4,GCI-guided valid,"X3, X4, X5",3,2,test,0.20638592928213823,-0.019463153976156052,0.16445165409947093,0.45474177547511685
multiplicative,Multiplicative noise,4,GCI-guided valid,"X3, X4, X5",3,3,test,0.19346649248102007,-0.03024529318443898,0.1509455082055924,0.4827586735488527
multiplicative,Multiplicative noise,4,GCI-guided valid,"X3, X4, X5",3,4,test,0.2181977125841408,-0.06059568430270135,0.17428139584544308,0.4840609543334008
heteroscedastic,Heteroscedastic noise,1,No adjustment,--,0,0,test,0.3816153611074302,0.1665852788561339,0.28467716122984466,0.9625918837499021
heteroscedastic,Heteroscedastic noise,1,No adjustment,--,0,1,test,0.4271275158551534,0.1873543101439174,0.3171414984868992,0.9093924824295031
heteroscedastic,Heteroscedastic noise,1,No adjustment,--,0,2,test,0.3115290738662573,0.17189331859481505,0.2620225088934837,1.0170719970200552
heteroscedastic,Heteroscedastic noise,1,No adjustment,--,0,3,test,0.39923324800013515,0.1686324138387312,0.2914432813286683,0.9608998821450233
heteroscedastic,Heteroscedastic noise,1,No adjustment,--,0,4,test,0.4481418210560505,0.17401912882001014,0.3055415568181032,0.9963837323762355
heteroscedastic,Heteroscedastic noise,1,All covariates,"X1, X2, X3, X4, X5, X6, X7, X8",8,0,test,0.6262140461001646,-0.048959558033876555,0.4469462716403712,0.6918933200688869
heteroscedastic,Heteroscedastic noise,1,All covariates,"X1, X2, X3, X4, X5, X6, X7, X8",8,1,test,0.5530424159292064,-0.07636263881472974,0.391389246962117,0.751905129975177
heteroscedastic,Heteroscedastic noise,1,All covariates,"X1, X2, X3, X4, X5, X6, X7, X8",8,2,test,0.6061844708253188,-0.056054864540199256,0.42728884498658554,0.7884196357174267
heteroscedastic,Heteroscedastic noise,1,All covariates,"X1, X2, X3, X4, X5, X6, X7, X8",8,3,test,0.6840098849765122,0.024324256548011226,0.5034901036595829,0.7723730480110184
heteroscedastic,Heteroscedastic noise,1,All covariates,"X1, X2, X3, X4, X5, X6, X7, X8",8,4,test,0.7565711541700098,-0.17246482219109466,0.5052415770615373,0.7911026779875244
heteroscedastic,Heteroscedastic noise,1,Root-only,X3,1,0,test,0.34244906341787296,0.020047165833491247,0.2103984904592501,0.9139046591860548
heteroscedastic,Heteroscedastic noise,1,Root-only,X3,1,1,test,0.3542124929960763,0.043000488449047414,0.22596141095298883,0.9092634633262088
heteroscedastic,Heteroscedastic noise,1,Root-only,X3,1,2,test,0.27098050060388784,0.018023164782803195,0.1999500239684754,0.9421127347087854
heteroscedastic,Heteroscedastic noise,1,Root-only,X3,1,3,test,0.3657174730351929,0.027431910952116233,0.23501157598952577,0.8745018375047364
heteroscedastic,Heteroscedastic noise,1,Root-only,X3,1,4,test,0.39412697223987186,0.027524859968993353,0.22946622469962585,0.9550215355146756
heteroscedastic,Heteroscedastic noise,1,Treatment-parent,"X2, X3",2,0,test,0.3684133615303679,0.053341130076410746,0.2448602831155366,0.9164475789161951
heteroscedastic,Heteroscedastic noise,1,Treatment-parent,"X2, X3",2,1,test,0.4324504180534568,0.05627396349058495,0.28192671487079396,0.9762865008408328
heteroscedastic,Heteroscedastic noise,1,Treatment-parent,"X2, X3",2,2,test,0.3186179878798092,0.06397139991314138,0.24203163930167468,0.9426360578762775
heteroscedastic,Heteroscedastic noise,1,Treatment-parent,"X2, X3",2,3,test,0.39831490006268216,-0.009793723015571925,0.2539111583650153,0.9068977245582243
heteroscedastic,Heteroscedastic noise,1,Treatment-parent,"X2, X3",2,4,test,0.4729242693875819,0.05341749500107126,0.278519899996766,0.9729485899297292
heteroscedastic,Heteroscedastic noise,1,Outcome-parent,"X4, X5",2,0,test,0.34540829055680616,-0.009429283149466512,0.21368632941297672,0.6700217258523481
heteroscedastic,Heteroscedastic noise,1,Outcome-parent,"X4, X5",2,1,test,0.35328701762322207,0.013879558728569046,0.21246857421087345,0.6821058117698785
heteroscedastic,Heteroscedastic noise,1,Outcome-parent,"X4, X5",2,2,test,0.2690651063350509,0.0015719110728813978,0.18904361070507203,0.659621999316681
heteroscedastic,Heteroscedastic noise,1,Outcome-parent,"X4, X5",2,3,test,0.35469324731829105,-0.004902868135735874,0.23137896557900703,0.6101657844911409
heteroscedastic,Heteroscedastic noise,1,Outcome-parent,"X4, X5",2,4,test,0.43231661864216153,-0.02178040903782936,0.23260104664962758,0.6965928080916719
heteroscedastic,Heteroscedastic noise,1,GCI-guided valid,X5,1,0,test,0.33850624993491013,0.002298246283362697,0.21346509899291263,0.8249161262204626
heteroscedastic,Heteroscedastic noise,1,GCI-guided valid,X5,1,1,test,0.3359844479455821,0.0185957780026127,0.21533981521502887,0.8150018199208086
heteroscedastic,Heteroscedastic noise,1,GCI-guided valid,X5,1,2,test,0.2552820524724152,0.009412152954524584,0.1889878274190403,0.8283694039463033
heteroscedastic,Heteroscedastic noise,1,GCI-guided valid,X5,1,3,test,0.3487745098833061,-0.002791903671840261,0.21729028680862805,0.7814414528721947
heteroscedastic,Heteroscedastic noise,1,GCI-guided valid,X5,1,4,test,0.3648788327552088,0.0030306103523733453,0.2037774727117059,0.8614019700676157
heteroscedastic,Heteroscedastic noise,2,No adjustment,--,0,0,test,0.7220961017370866,-0.02560179262318383,0.4084321087388572,1.1287056782487324
heteroscedastic,Heteroscedastic noise,2,No adjustment,--,0,1,test,0.4208129451940634,0.06235246298218805,0.3132398511407702,1.0039338105259576
heteroscedastic,Heteroscedastic noise,2,No adjustment,--,0,2,test,0.647707015405929,0.07406682874059729,0.3834675556038419,1.038667407729501
heteroscedastic,Heteroscedastic noise,2,No adjustment,--,0,3,test,0.5844565602554744,0.08114438868306013,0.3687285854665187,1.0680776466441677
heteroscedastic,Heteroscedastic noise,2,No adjustment,--,0,4,test,0.4524242250945602,0.07182012863552761,0.3365573449260934,1.1665184241542776
heteroscedastic,Heteroscedastic noise,2,All covariates,"X1, X2, X3, X4, X5, X6, X7, X8, X9",9,0,test,0.9056045732378242,-0.36795335113026456,0.719388763271282,0.9585263242302425
heteroscedastic,Heteroscedastic noise,2,All covariates,"X1, X2, X3, X4, X5, X6, X7, X8, X9",9,1,test,0.8739601868323196,-0.48610696789657015,0.7053167893170514,0.8431596039396577
heteroscedastic,Heteroscedastic noise,2,All covariates,"X1, X2, X3, X4, X5, X6, X7, X8, X9",9,2,test,0.932768011711455,-0.3423537811368002,0.7194143236000801,0.9760433441798574
heteroscedastic,Heteroscedastic noise,2,All covariates,"X1, X2, X3, X4, X5, X6, X7, X8, X9",9,3,test,0.8423138324547503,-0.303338926040049,0.6884263315834116,0.8779808023219253
heteroscedastic,Heteroscedastic noise,2,All covariates,"X1, X2, X3, X4, X5, X6, X7, X8, X9",9,4,test,0.8286930383847505,-0.22274205136169173,0.650188754808212,0.8990817728886247
heteroscedastic,Heteroscedastic noise,2,Root-only,X3,1,0,test,0.7525515200957573,-0.1366969758474316,0.41021638017990997,1.1070247221746277
heteroscedastic,Heteroscedastic noise,2,Root-only,X3,1,1,test,0.42295188818880947,-0.06720166926323375,0.31046880859035625,0.9920617466352114
heteroscedastic,Heteroscedastic noise,2,Root-only,X3,1,2,test,0.6235603466420248,-0.01504561857750943,0.37194661051440975,1.0570154018594913
heteroscedastic,Heteroscedastic noise,2,Root-only,X3,1,3,test,0.6049644128502311,-0.05584711937366817,0.3666866617911928,1.0900098984385176
heteroscedastic,Heteroscedastic noise,2,Root-only,X3,1,4,test,0.4366244523808957,-0.01903095529826902,0.3305008917409931,1.1414959949055161
heteroscedastic,Heteroscedastic noise,2,Treatment-parent,"X2, X3",2,0,test,0.7566913912003191,-0.09663038318230177,0.43985272157633615,1.1030032524126605
heteroscedastic,Heteroscedastic noise,2,Treatment-parent,"X2, X3",2,1,test,0.45164406039903554,-0.17186021251770306,0.33847537311785336,1.0332152914304011
heteroscedastic,Heteroscedastic noise,2,Treatment-parent,"X2, X3",2,2,test,0.576739316517819,-0.008422294574886934,0.3714755430231636,1.062026443421441
heteroscedastic,Heteroscedastic noise,2,Treatment-parent,"X2, X3",2,3,test,0.597548966425318,-0.01667055833833451,0.37053977428396434,1.0884095799461437
heteroscedastic,Heteroscedastic noise,2,Treatment-parent,"X2, X3",2,4,test,0.4560948975735032,0.03825339708010651,0.34870070322157615,1.1628688112154857
heteroscedastic,Heteroscedastic noise,2,Outcome-parent,"X6, X7, X8",3,0,test,0.7593258019593527,-0.358464584826058,0.6364081678979605,0.7127916184450849
heteroscedastic,Heteroscedastic noise,2,Outcome-parent,"X6, X7, X8",3,1,test,0.6577446935602911,-0.4118843656158986,0.5469959561073491,0.7092798379209202
heteroscedastic,Heteroscedastic noise,2,Outcome-parent,"X6, X7, X8",3,2,test,0.6163393926795557,-0.32676905162450554,0.5083604338455687,0.6839268795639328
heteroscedastic,Heteroscedastic noise,2,Outcome-parent,"X6, X7, X8",3,3,test,0.6156938854544091,-0.2500753510085811,0.5073298403797765,0.7279324062361433
heteroscedastic,Heteroscedastic noise,2,Outcome-parent,"X6, X7, X8",3,4,test,0.6347132753558716,-0.27081681193829565,0.5179144011004392,0.7130774138696212
heteroscedastic,Heteroscedastic noise,2,GCI-guided valid,X7,1,0,test,0.6701757110320788,-0.14221136437730575,0.40004489102008123,1.0116093688802619
heteroscedastic,Heteroscedastic noise,2,GCI-guided valid,X7,1,1,test,0.41493461104224055,-0.07731371946177858,0.3139417573653539,0.9321593949247591
heteroscedastic,Heteroscedastic noise,2,GCI-guided valid,X7,1,2,test,0.5718614550562585,-0.04713188552600718,0.34377853616653004,0.9630000050560102
heteroscedastic,Heteroscedastic noise,2,GCI-guided valid,X7,1,3,test,0.5154367964420874,-0.038088050666640186,0.32922651831894484,0.9818376637346822
heteroscedastic,Heteroscedastic noise,2,GCI-guided valid,X7,1,4,test,0.4538432196413715,-0.05914849454556137,0.32827284123507416,1.037121400950889
heteroscedastic,Heteroscedastic noise,3,No adjustment,--,0,0,test,0.3311486860590298,0.12288460291392261,0.2560110009415556,1.1373988956891694
heteroscedastic,Heteroscedastic noise,3,No adjustment,--,0,1,test,0.3279162148643181,0.15227728238461657,0.2553762411036684,1.1069107733899082
heteroscedastic,Heteroscedastic noise,3,No adjustment,--,0,2,test,0.33171671810752074,0.136081061837858,0.2461731556471546,1.0635717299327991
heteroscedastic,Heteroscedastic noise,3,No adjustment,--,0,3,test,0.31209290796021383,0.1916172511986703,0.25750437807613363,1.0818094413017871
heteroscedastic,Heteroscedastic noise,3,No adjustment,--,0,4,test,0.28198202122376914,0.14371336405033464,0.22028963467795468,1.1943830423332937
heteroscedastic,Heteroscedastic noise,3,All covariates,"X1, X2, X3, X4, X5, X6, X7",7,0,test,0.7398698525910486,-0.3256422579694126,0.5638259449107798,0.7749254130994042
heteroscedastic,Heteroscedastic noise,3,All covariates,"X1, X2, X3, X4, X5, X6, X7",7,1,test,0.6429221884704901,-0.25235886199199864,0.5138365318730155,0.7070759729687881
heteroscedastic,Heteroscedastic noise,3,All covariates,"X1, X2, X3, X4, X5, X6, X7",7,2,test,0.7362006219433258,-0.25129843240398475,0.5428927639517053,0.7946179238323466
heteroscedastic,Heteroscedastic noise,3,All covariates,"X1, X2, X3, X4, X5, X6, X7",7,3,test,0.6403486452537176,-0.3058526452947909,0.5022128144353171,0.7279956843510197
heteroscedastic,Heteroscedastic noise,3,All covariates,"X1, X2, X3, X4, X5, X6, X7",7,4,test,0.6137355330160343,-0.21358644632490276,0.48292890034018,0.8193175680634444
heteroscedastic,Heteroscedastic noise,3,Root-only,X3,1,0,test,0.3832046905024296,0.10611543835838708,0.2905513660682066,1.1129436978753666
heteroscedastic,Heteroscedastic noise,3,Root-only,X3,1,1,test,0.32792118488846056,0.04829723639712356,0.2516261263977561,1.0711471853200705
heteroscedastic,Heteroscedastic noise,3,Root-only,X3,1,2,test,0.3490869662897101,0.07514280890071111,0.2688731551298492,1.035882612416798
heteroscedastic,Heteroscedastic noise,3,Root-only,X3,1,3,test,0.318155722281698,0.09875563054838146,0.25679506827875115,1.0333452719717615
heteroscedastic,Heteroscedastic noise,3,Root-only,X3,1,4,test,0.3764462702477527,0.058769051801926826,0.2955104544490668,1.178735702550865
heteroscedastic,Heteroscedastic noise,3,Treatment-parent,"X2, X3",2,0,test,0.46228751529169704,0.114192221656719,0.33990547125792064,1.1343735251209581
heteroscedastic,Heteroscedastic noise,3,Treatment-parent,"X2, X3",2,1,test,0.4135413372778728,0.0970714834261619,0.3129272697833407,1.0801782032667948
heteroscedastic,Heteroscedastic noise,3,Treatment-parent,"X2, X3",2,2,test,0.506845972907505,0.19665367872474404,0.36937248023142977,1.041265139238683
heteroscedastic,Heteroscedastic noise,3,Treatment-parent,"X2, X3",2,3,test,0.42761618736413737,0.1678741297049246,0.32758526943070293,1.0379613844521725
heteroscedastic,Heteroscedastic noise,3,Treatment-parent,"X2, X3",2,4,test,0.4762560461686484,0.14863758769366242,0.37051553675871035,1.1744226366920298
heteroscedastic,Heteroscedastic noise,3,Outcome-parent,"X4, X5",2,0,test,0.3301289337249844,0.023310410530563312,0.24374336988983963,0.7812666519892342
heteroscedastic,Heteroscedastic noise,3,Outcome-parent,"X4, X5",2,1,test,0.30968180222740527,0.02172324855105403,0.21699912766330517,0.7008595499892065
heteroscedastic,Heteroscedastic noise,3,Outcome-parent,"X4, X5",2,2,test,0.3082217745937008,0.04314699310384414,0.2250408118063271,0.7129182224035419
heteroscedastic,Heteroscedastic noise,3,Outcome-parent,"X4, X5",2,3,test,0.26370829525995626,0.038306101533945196,0.19544984676425478,0.6986049415377708
heteroscedastic,Heteroscedastic noise,3,Outcome-parent,"X4, X5",2,4,test,0.26038532630649386,0.05063288382357026,0.20383145182318657,0.8339897884966967
heteroscedastic,Heteroscedastic noise,3,GCI-guided valid,X5,1,0,test,0.31392043555473953,-0.006426292587421767,0.22652477750248057,0.9412883926774046
heteroscedastic,Heteroscedastic noise,3,GCI-guided valid,X5,1,1,test,0.2995720312231346,0.013437900090193775,0.21412013474154343,0.8960700207278536
heteroscedastic,Heteroscedastic noise,3,GCI-guided valid,X5,1,2,test,0.29415352474481316,0.019568951213843864,0.208008442500633,0.8673358080164373
heteroscedastic,Heteroscedastic noise,3,GCI-guided valid,X5,1,3,test,0.25874411115790774,0.06690098497141996,0.19869123489878995,0.862384172484361
heteroscedastic,Heteroscedastic noise,3,GCI-guided valid,X5,1,4,test,0.25485773159901953,0.02155151220363505,0.18931375191928157,0.9933954367595291
heteroscedastic,Heteroscedastic noise,4,No adjustment,--,0,0,test,0.5159973372806086,0.43070743902660896,0.47256628639529535,1.073764999576975
heteroscedastic,Heteroscedastic noise,4,No adjustment,--,0,1,test,0.5194893280147526,0.39578601771041505,0.471936712602093,1.0349760060288018
heteroscedastic,Heteroscedastic noise,4,No adjustment,--,0,2,test,0.5652337653487899,0.3825575523501763,0.4716026758080173,1.138372165086658
heteroscedastic,Heteroscedastic noise,4,No adjustment,--,0,3,test,0.5101301019076271,0.41119320785550373,0.47027307054049344,1.1139235857854757
heteroscedastic,Heteroscedastic noise,4,No adjustment,--,0,4,test,0.5106253803837036,0.42758412790462286,0.4712287794718464,1.0681433321947824
heteroscedastic,Heteroscedastic noise,4,All covariates,"X1, X2, X3, X4, X5, X6, X7",7,0,test,0.661082294525582,-0.05148600673469875,0.4487522109878988,0.8631086641667974
heteroscedastic,Heteroscedastic noise,4,All covariates,"X1, X2, X3, X4, X5, X6, X7",7,1,test,0.5022717851436517,-0.17332372372256358,0.3662801652473979,0.8110582337518729
heteroscedastic,Heteroscedastic noise,4,All covariates,"X1, X2, X3, X4, X5, X6, X7",7,2,test,0.6060863637061173,-0.15652585369628041,0.41924341066330406,0.873918972719565
heteroscedastic,Heteroscedastic noise,4,All covariates,"X1, X2, X3, X4, X5, X6, X7",7,3,test,0.5764183373657691,-0.015275551561446742,0.4292601433247978,0.8174309882648514
heteroscedastic,Heteroscedastic noise,4,All covariates,"X1, X2, X3, X4, X5, X6, X7",7,4,test,0.3985256097097415,-0.11106745666837202,0.3115220416868848,0.804982315758658
heteroscedastic,Heteroscedastic noise,4,Root-only,"X2, X3, X4",3,0,test,0.23723198775604035,-0.04367849097276375,0.1680451193157552,0.8964504462136219
heteroscedastic,Heteroscedastic noise,4,Root-only,"X2, X3, X4",3,1,test,0.32227920563653567,-0.1223410210060716,0.22560822525943913,0.8844893552508375
heteroscedastic,Heteroscedastic noise,4,Root-only,"X2, X3, X4",3,2,test,0.335929123909585,-0.059211779850926655,0.19186260590182103,1.0151442018258066
heteroscedastic,Heteroscedastic noise,4,Root-only,"X2, X3, X4",3,3,test,0.25939972768785297,-0.02149830953534785,0.18722001972755625,0.8265969071251515
heteroscedastic,Heteroscedastic noise,4,Root-only,"X2, X3, X4",3,4,test,0.2383466738943595,-0.042027206372430695,0.16928397937889603,0.877253254529962
heteroscedastic,Heteroscedastic noise,4,Treatment-parent,"X1, X2, X3, X4",4,0,test,0.5648764156446856,-0.12893261964505215,0.36744025197019137,0.9409768968304123
heteroscedastic,Heteroscedastic noise,4,Treatment-parent,"X1, X2, X3, X4",4,1,test,0.46304218897159594,-0.15677491262734883,0.3163111062489832,0.8699032719905131
heteroscedastic,Heteroscedastic noise,4,Treatment-parent,"X1, X2, X3, X4",4,2,test,0.4305432481045238,-0.04184763827112061,0.263867170697961,1.0128654107292758
heteroscedastic,Heteroscedastic noise,4,Treatment-parent,"X1, X2, X3, X4",4,3,test,0.3741655036229007,-0.027902541348871837,0.2657032348719676,0.8409081084599683
heteroscedastic,Heteroscedastic noise,4,Treatment-parent,"X1, X2, X3, X4",4,4,test,0.38522634250694193,-0.08742910830207093,0.2750468710240009,0.8963897388091185
heteroscedastic,Heteroscedastic noise,4,Outcome-parent,"X3, X4, X5",3,0,test,0.21721928408266689,0.021516169499916752,0.1607172506047918,0.7528889175403329
heteroscedastic,Heteroscedastic noise,4,Outcome-parent,"X3, X4, X5",3,1,test,0.21292286251127102,-0.03378265418448992,0.14976221577993346,0.7540436965665172
heteroscedastic,Heteroscedastic noise,4,Outcome-parent,"X3, X4, X5",3,2,test,0.30878949295906977,-0.0423562050592332,0.18187683506069421,0.9027938839776127
heteroscedastic,Heteroscedastic noise,4,Outcome-parent,"X3, X4, X5",3,3,test,0.2062061579924288,0.009914773704031838,0.152700967546612,0.7006330484458294
heteroscedastic,Heteroscedastic noise,4,Outcome-parent,"X3, X4, X5",3,4,test,0.19695561785137133,-0.009122142704909431,0.1450839992945274,0.716071444807521
heteroscedastic,Heteroscedastic noise,4,GCI-guided valid,"X3, X4, X5",3,0,test,0.21721928408266689,0.021516169499916752,0.1607172506047918,0.7528889175403329
heteroscedastic,Heteroscedastic noise,4,GCI-guided valid,"X3, X4, X5",3,1,test,0.21292286251127102,-0.03378265418448992,0.14976221577993346,0.7540436965665172
heteroscedastic,Heteroscedastic noise,4,GCI-guided valid,"X3, X4, X5",3,2,test,0.30878949295906977,-0.0423562050592332,0.18187683506069421,0.9027938839776127
heteroscedastic,Heteroscedastic noise,4,GCI-guided valid,"X3, X4, X5",3,3,test,0.2062061579924288,0.009914773704031838,0.152700967546612,0.7006330484458294
heteroscedastic,Heteroscedastic noise,4,GCI-guided valid,"X3, X4, X5",3,4,test,0.19695561785137133,-0.009122142704909431,0.1450839992945274,0.716071444807521
interaction,Interaction nonlinearity,1,No adjustment,--,0,0,test,0.35755865930871844,0.0523683462149005,0.23654953450914853,1.2894660413597827
interaction,Interaction nonlinearity,1,No adjustment,--,0,1,test,0.26182620160485764,0.04939963504352926,0.21369867506673215,1.4077763324512034
interaction,Interaction nonlinearity,1,No adjustment,--,0,2,test,0.27127425711397724,0.06517524862044433,0.2178237071533324,1.2825959103132532
interaction,Interaction nonlinearity,1,No adjustment,--,0,3,test,0.47297793006042166,0.006186116387622165,0.24653694441135424,1.3530120867259348
interaction,Interaction nonlinearity,1,No adjustment,--,0,4,test,0.26067121698802276,0.093581548954378,0.22286534336849229,1.4317274659448362
interaction,Interaction nonlinearity,1,All covariates,"X1, X2, X3, X4, X5, X6, X7, X8",8,0,test,0.4540897797819256,-0.036115021650064506,0.3415388980863066,1.0988018712270344
interaction,Interaction nonlinearity,1,All covariates,"X1, X2, X3, X4, X5, X6, X7, X8",8,1,test,0.4611136564148684,-0.09430412809434628,0.34928822074041854,1.0495116286757122
interaction,Interaction nonlinearity,1,All covariates,"X1, X2, X3, X4, X5, X6, X7, X8",8,2,test,0.48600547825885526,-0.07189342858899604,0.3588890338905395,1.1159728867984615
interaction,Interaction nonlinearity,1,All covariates,"X1, X2, X3, X4, X5, X6, X7, X8",8,3,test,0.4961281479569594,-0.09942846233854521,0.35705902406043877,1.0581950597589966
interaction,Interaction nonlinearity,1,All covariates,"X1, X2, X3, X4, X5, X6, X7, X8",8,4,test,0.4942568376119862,-0.12520188226904083,0.3776181897019264,1.238146349804123
interaction,Interaction nonlinearity,1,Root-only,X3,1,0,test,0.382697630593839,0.01726272861988667,0.2666411735090358,1.2691361724385142
interaction,Interaction nonlinearity,1,Root-only,X3,1,1,test,0.32843685074384155,0.006253843376347447,0.2589164200721191,1.361356091011239
interaction,Interaction nonlinearity,1,Root-only,X3,1,2,test,0.3203855892233092,0.007909342658251628,0.25699081568657256,1.2809271260460022
interaction,Interaction nonlinearity,1,Root-only,X3,1,3,test,0.40725288863946607,-0.01144214843866322,0.24239936800764117,1.3331839465142314
interaction,Interaction nonlinearity,1,Root-only,X3,1,4,test,0.3501726235122303,0.04404280854633665,0.2727302395173804,1.4153560197553414
interaction,Interaction nonlinearity,1,Treatment-parent,"X2, X3",2,0,test,0.3974941230611665,0.02240651914529177,0.30008079526963055,1.2624109641902101
interaction,Interaction nonlinearity,1,Treatment-parent,"X2, X3",2,1,test,0.3304974172742349,-0.004028919732795312,0.2672587169309998,1.3830016558860172
interaction,Interaction nonlinearity,1,Treatment-parent,"X2, X3",2,2,test,0.36283191068217613,0.010013860535858194,0.2871339570976395,1.3317787886566048
interaction,Interaction nonlinearity,1,Treatment-parent,"X2, X3",2,3,test,0.39116612242642884,0.022161740016326002,0.26205013370700775,1.3169700605891175
interaction,Interaction nonlinearity,1,Treatment-parent,"X2, X3",2,4,test,0.3671902010931912,0.01770939430923414,0.29394916940539917,1.434465982129776
interaction,Interaction nonlinearity,1,Outcome-parent,"X4, X5",2,0,test,0.27811459592956167,0.024361842874005526,0.16186385169854842,1.0222531944667372
interaction,Interaction nonlinearity,1,Outcome-parent,"X4, X5",2,1,test,0.2108305138102503,0.018485775267397277,0.15619713368616459,1.01752109724295
interaction,Interaction nonlinearity,1,Outcome-parent,"X4, X5",2,2,test,0.2193197041262174,0.02983109320821429,0.16409640586340415,1.0445707652093803
interaction,Interaction nonlinearity,1,Outcome-parent,"X4, X5",2,3,test,0.37283135585387034,-0.02754732068245501,0.16895489608020078,1.0204217744512134
interaction,Interaction nonlinearity,1,Outcome-parent,"X4, X5",2,4,test,0.2016331777139927,0.03732697774884743,0.1525369441087616,1.067555870293942
interaction,Interaction nonlinearity,1,GCI-guided valid,X5,1,0,test,0.3128728183721005,-0.001074076103766684,0.18647865691177315,1.2012534552629852
interaction,Interaction nonlinearity,1,GCI-guided valid,X5,1,1,test,0.2190795896322185,-0.0033774025331917918,0.1790138299120425,1.2388228274349262
interaction,Interaction nonlinearity,1,GCI-guided valid,X5,1,2,test,0.22277639925550144,0.017885568664682758,0.1754895171246677,1.139523781975485
interaction,Interaction nonlinearity,1,GCI-guided valid,X5,1,3,test,0.42969293681872645,-0.05169258898638065,0.20716028073165726,1.182765584416823
interaction,Interaction nonlinearity,1,GCI-guided valid,X5,1,4,test,0.21469334813443366,0.028966294754946772,0.17695219094633935,1.2785035083107112
interaction,Interaction nonlinearity,2,No adjustment,--,0,0,test,0.555199059475736,0.008275660165187562,0.41615760382927697,1.5867950075676565
interaction,Interaction nonlinearity,2,No adjustment,--,0,1,test,0.5673374434439821,-0.01075167104559481,0.4101417640285222,1.4925857569176824
interaction,Interaction nonlinearity,2,No adjustment,--,0,2,test,0.5151125499719765,-0.041549274412798896,0.3702780132856769,1.4711438996658974
interaction,Interaction nonlinearity,2,No adjustment,--,0,3,test,0.5510850705639823,-0.04010194430376792,0.3770345528451557,1.5177333484006448
interaction,Interaction nonlinearity,2,No adjustment,--,0,4,test,0.54358258296745,-0.02985777695788099,0.3821757943411728,1.5061072182744304
interaction,Interaction nonlinearity,2,All covariates,"X1, X2, X3, X4, X5, X6, X7, X8, X9",9,0,test,0.7470294355047258,-0.031131165206059647,0.605464453310304,1.3492284249250628
interaction,Interaction nonlinearity,2,All covariates,"X1, X2, X3, X4, X5, X6, X7, X8, X9",9,1,test,0.7934426516893576,0.06649628692185673,0.6145734746728153,1.35002093742618
interaction,Interaction nonlinearity,2,All covariates,"X1, X2, X3, X4, X5, X6, X7, X8, X9",9,2,test,0.7303435120395757,-0.007755315667338097,0.5884865256707629,1.354705737331216
interaction,Interaction nonlinearity,2,All covariates,"X1, X2, X3, X4, X5, X6, X7, X8, X9",9,3,test,0.701039474069015,-0.08017588215360974,0.5522829454382552,1.4918287466277926
interaction,Interaction nonlinearity,2,All covariates,"X1, X2, X3, X4, X5, X6, X7, X8, X9",9,4,test,0.7785313046098623,-0.08804299019818046,0.6332068185665689,1.4490371326937486
interaction,Interaction nonlinearity,2,Root-only,X3,1,0,test,0.557700771551453,-0.07848808513811731,0.4094893976097229,1.5573504387412986
interaction,Interaction nonlinearity,2,Root-only,X3,1,1,test,0.5694222297234409,-0.09735727431169257,0.40480902319703665,1.4828618427218945
interaction,Interaction nonlinearity,2,Root-only,X3,1,2,test,0.5368114542617511,-0.12835847178380802,0.37683863737556855,1.4463704616476494
interaction,Interaction nonlinearity,2,Root-only,X3,1,3,test,0.5879290365115913,-0.14606289951820078,0.3867100856894659,1.5036639812105415
interaction,Interaction nonlinearity,2,Root-only,X3,1,4,test,0.568445911637277,-0.13283853847860755,0.405455436302193,1.4908239871128377
interaction,Interaction nonlinearity,2,Treatment-parent,"X2, X3",2,0,test,0.5812784861954733,-0.10957425515744455,0.41849903554658935,1.5731392174724212
interaction,Interaction nonlinearity,2,Treatment-parent,"X2, X3",2,1,test,0.5756905098527835,-0.11266456641482334,0.41989613177841983,1.4843568684063975
interaction,Interaction nonlinearity,2,Treatment-parent,"X2, X3",2,2,test,0.5438603792651177,-0.15718569448607156,0.3854340300206285,1.438673385225159
interaction,Interaction nonlinearity,2,Treatment-parent,"X2, X3",2,3,test,0.5931507782968919,-0.17734542171791076,0.39092978849189924,1.5175692473875653
interaction,Interaction nonlinearity,2,Treatment-parent,"X2, X3",2,4,test,0.5874123964308741,-0.17165209580012886,0.4181811521981297,1.4867355398800197
interaction,Interaction nonlinearity,2,Outcome-parent,"X6, X7, X8",3,0,test,0.5786453709980647,-0.05908006637356498,0.4690608116353738,1.1382204350862406
interaction,Interaction nonlinearity,2,Outcome-parent,"X6, X7, X8",3,1,test,0.5905496793013187,0.04034979597368507,0.4804572762563707,1.045381421044849
interaction,Interaction nonlinearity,2,Outcome-parent,"X6, X7, X8",3,2,test,0.5645868676324234,-0.09317782211126263,0.4633428080378763,1.0355671975357648
interaction,Interaction nonlinearity,2,Outcome-parent,"X6, X7, X8",3,3,test,0.571511038074759,-0.008542304711251081,0.45852946410024886,1.098855581094448
interaction,Interaction nonlinearity,2,Outcome-parent,"X6, X7, X8",3,4,test,0.5744906095943748,-0.09752687907013158,0.47093684991394547,1.0382615846871603
interaction,Interaction nonlinearity,2,GCI-guided valid,X7,1,0,test,0.5722913714008115,-0.0891900875121881,0.4017476858155694,1.4549428381932519
interaction,Interaction nonlinearity,2,GCI-guided valid,X7,1,1,test,0.678459727595999,-0.1665426682345252,0.4147817151803717,1.378681266584024
interaction,Interaction nonlinearity,2,GCI-guided valid,X7,1,2,test,0.5233943758594789,-0.13024258075921566,0.36667559128755994,1.3581006920189436
interaction,Interaction nonlinearity,2,GCI-guided valid,X7,1,3,test,0.5890885500174033,-0.12409074455694634,0.38086451543002914,1.3037062394721994
interaction,Interaction nonlinearity,2,GCI-guided valid,X7,1,4,test,0.5999541589942752,-0.11320830073453228,0.38592559374284635,1.3775859883504116
interaction,Interaction nonlinearity,3,No adjustment,--,0,0,test,0.42914959623855187,-0.01221931747586766,0.22668679852036228,1.4057800489338985
interaction,Interaction nonlinearity,3,No adjustment,--,0,1,test,0.24634744625821942,0.05867677509820561,0.1951087189787467,1.4492645310941819
interaction,Interaction nonlinearity,3,No adjustment,--,0,2,test,0.36452867934384914,0.015067121823572237,0.22509646883094553,1.45926032438735
interaction,Interaction nonlinearity,3,No adjustment,--,0,3,test,0.2846285450583714,0.029087257111481815,0.2071855007452073,1.2883251413245354
interaction,Interaction nonlinearity,3,No adjustment,--,0,4,test,0.27151510386841915,0.0027799215402253942,0.19633009773611504,1.4224559892291984
interaction,Interaction nonlinearity,3,All covariates,"X1, X2, X3, X4, X5, X6, X7",7,0,test,0.590311261129133,-0.27457800032176094,0.4673614240755052,1.0644769965840586
interaction,Interaction nonlinearity,3,All covariates,"X1, X2, X3, X4, X5, X6, X7",7,1,test,0.5661104056093579,-0.2445248847104132,0.4491723411009221,1.0696601665258925
interaction,Interaction nonlinearity,3,All covariates,"X1, X2, X3, X4, X5, X6, X7",7,2,test,0.6342740101649633,-0.15427701199150046,0.47583071350061074,1.2063382604827437
interaction,Interaction nonlinearity,3,All covariates,"X1, X2, X3, X4, X5, X6, X7",7,3,test,0.5561183130956764,-0.23798731207039342,0.4290854732950752,1.1175608776121622
interaction,Interaction nonlinearity,3,All covariates,"X1, X2, X3, X4, X5, X6, X7",7,4,test,0.4771386748556738,-0.2000249841311203,0.3683875346557788,1.0530878086672832
interaction,Interaction nonlinearity,3,Root-only,X3,1,0,test,0.41465328107463223,-0.025701768240859523,0.24100649212587413,1.3760379023260427
interaction,Interaction nonlinearity,3,Root-only,X3,1,1,test,0.29258096173821974,0.054679270016476496,0.23072839680707566,1.4082613511454902
interaction,Interaction nonlinearity,3,Root-only,X3,1,2,test,0.338152087337695,0.03619498169976837,0.23732884853601066,1.4398864841831764
interaction,Interaction nonlinearity,3,Root-only,X3,1,3,test,0.27329564994040434,0.03874725458561873,0.21219192176605328,1.2236446550450488
interaction,Interaction nonlinearity,3,Root-only,X3,1,4,test,0.2798757721070278,0.025249328374801913,0.22249902986938339,1.3777386596644412
interaction,Interaction nonlinearity,3,Treatment-parent,"X2, X3",2,0,test,0.4215105416349093,-0.044221161022934205,0.25751942145194906,1.3819135542671377
interaction,Interaction nonlinearity,3,Treatment-parent,"X2, X3",2,1,test,0.3188921294388242,0.036962702594688965,0.25776601240534,1.4234727832152916
interaction,Interaction nonlinearity,3,Treatment-parent,"X2, X3",2,2,test,0.3412362360764353,0.03871926193126079,0.24037598091716228,1.4581572997151722
interaction,Interaction nonlinearity,3,Treatment-parent,"X2, X3",2,3,test,0.28121963444104026,0.047347068193797776,0.22011892334951605,1.2290734903844323
interaction,Interaction nonlinearity,3,Treatment-parent,"X2, X3",2,4,test,0.28447493529582785,0.022702522826502175,0.23036303214373224,1.3817357950312898
interaction,Interaction nonlinearity,3,Outcome-parent,"X4, X5",2,0,test,0.3913810877698888,-0.05328090880356618,0.1916117191616796,1.113230811153855
interaction,Interaction nonlinearity,3,Outcome-parent,"X4, X5",2,1,test,0.21864311781026996,0.012593683271897577,0.16581738582312977,1.0830752851792729
interaction,Interaction nonlinearity,3,Outcome-parent,"X4, X5",2,2,test,0.2836307208069196,-0.021072039267454056,0.1751834024457702,1.0928862926409542
interaction,Interaction nonlinearity,3,Outcome-parent,"X4, X5",2,3,test,0.2443241482890365,-0.015497155536492349,0.17672107961389208,1.0928965672877766
interaction,Interaction nonlinearity,3,Outcome-parent,"X4, X5",2,4,test,0.22755651707434768,-0.009516234931244219,0.16812235125909744,1.039136150720901
interaction,Interaction nonlinearity,3,GCI-guided valid,X5,1,0,test,0.40907774889734294,-0.043757391401927845,0.20310131115478738,1.2149547357884412
interaction,Interaction nonlinearity,3,GCI-guided valid,X5,1,1,test,0.22583744634575548,0.02082914581459224,0.16943564459069546,1.2404597207412604
interaction,Interaction nonlinearity,3,GCI-guided valid,X5,1,2,test,0.32481566477162827,-0.0111845094680992,0.1982937285003733,1.2201467834193078
interaction,Interaction nonlinearity,3,GCI-guided valid,X5,1,3,test,0.24406801949340462,-0.006823248448650768,0.1769376898455487,1.1282882755155526
interaction,Interaction nonlinearity,3,GCI-guided valid,X5,1,4,test,0.2363744328222302,-0.004160483419032751,0.17015009870280295,1.2551640491492262
interaction,Interaction nonlinearity,4,No adjustment,--,0,0,test,0.3318430004296344,0.267491838050597,0.2865122156690701,1.4232619297440812
interaction,Interaction nonlinearity,4,No adjustment,--,0,1,test,0.3689441137313257,0.27845777783109704,0.3211761984486427,1.4505199041841959
interaction,Interaction nonlinearity,4,No adjustment,--,0,2,test,0.3114292465493013,0.25031008965925167,0.26814801737969174,1.4569863095628428
interaction,Interaction nonlinearity,4,No adjustment,--,0,3,test,0.3878788395266821,0.2842334746290885,0.33178006076689215,1.3573151669278345
interaction,Interaction nonlinearity,4,No adjustment,--,0,4,test,0.36288248902544307,0.2683917954236877,0.3088386534968638,1.4732677881850722
interaction,Interaction nonlinearity,4,All covariates,"X1, X2, X3, X4, X5, X6, X7",7,0,test,0.44406379150255404,-0.19983109268964191,0.3637327816809378,1.2486504955682705
interaction,Interaction nonlinearity,4,All covariates,"X1, X2, X3, X4, X5, X6, X7",7,1,test,0.4272080425032034,-0.13679527526007404,0.33230006096337006,1.162274774988365
interaction,Interaction nonlinearity,4,All covariates,"X1, X2, X3, X4, X5, X6, X7",7,2,test,0.44424210006112574,-0.12435160716878131,0.3520497214954383,1.2111400947474948
interaction,Interaction nonlinearity,4,All covariates,"X1, X2, X3, X4, X5, X6, X7",7,3,test,0.4616864399699858,-0.08501856440350218,0.3390229183978593,1.2496537169839281
interaction,Interaction nonlinearity,4,All covariates,"X1, X2, X3, X4, X5, X6, X7",7,4,test,0.48526759388470037,-0.09665593425281833,0.3612071976257589,1.1751795611135212
interaction,Interaction nonlinearity,4,Root-only,"X2, X3, X4",3,0,test,0.20423460141324787,-0.07383676709855426,0.15561676963880816,1.259046731946893
interaction,Interaction nonlinearity,4,Root-only,"X2, X3, X4",3,1,test,0.31281738226882,-0.05845037540646088,0.19576139940148926,1.224874796178189
interaction,Interaction nonlinearity,4,Root-only,"X2, X3, X4",3,2,test,0.24200934512632077,-0.0719450668002338,0.18078230320696995,1.3006101963904395
interaction,Interaction nonlinearity,4,Root-only,"X2, X3, X4",3,3,test,0.21192053628839538,-0.03757217015546102,0.14537669840471726,1.1698949887544612
interaction,Interaction nonlinearity,4,Root-only,"X2, X3, X4",3,4,test,0.18066629589376904,-0.03639989555720263,0.1437432656343665,1.218163163352187
interaction,Interaction nonlinearity,4,Treatment-parent,"X1, X2, X3, X4",4,0,test,0.22961576871920472,-0.08400455120688903,0.17198207000938123,1.246849552185755
interaction,Interaction nonlinearity,4,Treatment-parent,"X1, X2, X3, X4",4,1,test,0.3366145233197245,-0.08192333612344094,0.22318289054139903,1.2110361976234563
interaction,Interaction nonlinearity,4,Treatment-parent,"X1, X2, X3, X4",4,2,test,0.31470108439237776,-0.08640998948252593,0.2483906411860777,1.3339960713598658
interaction,Interaction nonlinearity,4,Treatment-parent,"X1, X2, X3, X4",4,3,test,0.2756359964097776,-0.04481375056338966,0.1966951455881672,1.2052935142824268
interaction,Interaction nonlinearity,4,Treatment-parent,"X1, X2, X3, X4",4,4,test,0.22377456369211626,-0.039539565092731106,0.17615093258746295,1.2483559041096746
interaction,Interaction nonlinearity,4,Outcome-parent,"X3, X4, X5",3,0,test,0.2013052735159015,-0.07016813797656828,0.16077514941062582,1.1338283557608755
interaction,Interaction nonlinearity,4,Outcome-parent,"X3, X4, X5",3,1,test,0.2425103711454074,-0.0790105866434873,0.1568375079261161,1.100566637261415
interaction,Interaction nonlinearity,4,Outcome-parent,"X3, X4, X5",3,2,test,0.1954368736030208,-0.07616956585391235,0.15615561956903168,1.0915842447103876
interaction,Interaction nonlinearity,4,Outcome-parent,"X3, X4, X5",3,3,test,0.2165091024520167,-0.016665069950309905,0.16045546888743872,1.0410571733016323
interaction,Interaction nonlinearity,4,Outcome-parent,"X3, X4, X5",3,4,test,0.2554611757768096,-0.033187158973780134,0.1886450658189529,1.0938791632736502
interaction,Interaction nonlinearity,4,GCI-guided valid,"X3, X4, X5",3,0,test,0.2013052735159015,-0.07016813797656828,0.16077514941062582,1.1338283557608755
interaction,Interaction nonlinearity,4,GCI-guided valid,"X3, X4, X5",3,1,test,0.2425103711454074,-0.0790105866434873,0.1568375079261161,1.100566637261415
interaction,Interaction nonlinearity,4,GCI-guided valid,"X3, X4, X5",3,2,test,0.1954368736030208,-0.07616956585391235,0.15615561956903168,1.0915842447103876
interaction,Interaction nonlinearity,4,GCI-guided valid,"X3, X4, X5",3,3,test,0.2165091024520167,-0.016665069950309905,0.16045546888743872,1.0410571733016323
interaction,Interaction nonlinearity,4,GCI-guided valid,"X3, X4, X5",3,4,test,0.2554611757768096,-0.033187158973780134,0.1886450658189529,1.0938791632736502
