case_id,adjustment_strategy,adjustment_variables,adjustment_set_size,RMSE_MTEF_mean,RMSE_MTEF_sd,Bias_MTEF_mean,Bias_MTEF_sd,MAE_MTEF_mean,RMSE_factual_mean,Case
1,No adjustment,--,0,0.2781788484272945,0.06650130877484862,0.13438263054104602,0.032155495402804594,0.22166116739439232,0.9185017896820982,Case 1
1,All covariates,"X1, X2, X3, X4, X5, X6, X7, X8",8,0.40053970814142986,0.04953187487704883,-0.15644900804835626,0.07305413500025155,0.31017690320039293,0.495652362370135,Case 1
1,Root-only,X3,1,0.2433800240374215,0.05784665685989293,-0.02129767396169308,0.06607813367998099,0.15334952351854053,0.8539151394164981,Case 1
1,Treatment-parent,"X2, X3",2,0.43500258059770586,0.1255614896872954,-0.06622845459188845,0.11298669884822755,0.26166819852011225,0.8464764135274231,Case 1
1,Outcome-parent,"X4, X5",2,0.14009369475446928,0.03851627507266624,-0.017949157702002026,0.026570938719718034,0.07313047566324425,0.5099306203742795,Case 1
1,GCI-guided valid,X5,1,0.1496251793476467,0.05453153350404363,-0.02594944616883488,0.032952229196248406,0.0815508576476542,0.7432175607775838,Case 1
2,No adjustment,--,0,0.5185576468103892,0.10354316560665365,0.17929908771276198,0.05490444592943044,0.34251550961457644,1.0943381120456508,Case 2
2,All covariates,"X1, X2, X3, X4, X5, X6, X7, X8, X9",9,0.6769629892468738,0.06796121722249641,-0.20963235579554174,0.0799239541290305,0.5619977183010949,0.5558032032487885,Case 2
2,Root-only,X3,1,0.45911383841500514,0.10214823276128175,-0.0375428918565778,0.08339105094719,0.25473236837535057,1.0554260814451022,Case 2
2,Treatment-parent,"X2, X3",2,0.519786223993004,0.11134779395659075,-0.08990876547509628,0.10338797163254079,0.3043833048778499,1.060761448038537,Case 2
2,Outcome-parent,"X6, X7, X8",3,0.6009739836461868,0.04048066775004606,-0.2156602098366572,0.04492679635338187,0.5292125789796218,0.5124925010831938,Case 2
2,GCI-guided valid,X7,1,0.4506448087960003,0.10600488750064235,-0.06320702829512387,0.049222266012202,0.23338082441479344,0.9587509954248503,Case 2
3,No adjustment,--,0,0.2569904793707909,0.05003196771529291,0.15870449228636216,0.05568144586841613,0.2185521841100796,1.0077044267136148,Case 3
3,All covariates,"X1, X2, X3, X4, X5, X6, X7",7,0.5405884699343841,0.06913554023579609,-0.3094917284424823,0.10609539967015084,0.43724099510281816,0.485850480812839,Case 3
3,Root-only,X3,1,0.21335571760934802,0.05972377238076711,-0.028461112929098573,0.051267710121319796,0.12688617332051227,0.9074902462807654,Case 3
3,Treatment-parent,"X2, X3",2,0.3339438965100557,0.07799575445046761,-0.04353768849373151,0.07558099530447741,0.21329780985828456,0.9079121641681358,Case 3
3,Outcome-parent,"X4, X5",2,0.12505944998346677,0.03131873705232743,-0.004357795626974668,0.02847409916435685,0.07094058090146717,0.5128385793263515,Case 3
3,GCI-guided valid,X5,1,0.13942248757903025,0.03942176294049839,-0.007545797949729579,0.03902351086215716,0.07843591334335462,0.7386210595906906,Case 3
4,No adjustment,--,0,0.5383756756098349,0.02170977671959162,0.5241309264442542,0.02308983323524514,0.531906501497727,0.9024119824220227,Case 4
4,All covariates,"X1, X2, X3, X4, X5, X6, X7",7,0.302636226129659,0.03791106646326301,-0.03983230138868068,0.06046321742631642,0.2183298378926554,0.5107902645494282,Case 4
4,Root-only,"X2, X3, X4",3,0.18836375378162018,0.034712623526945256,-0.0034903235017054264,0.03690532516449357,0.1264122184380908,0.6641636038770007,Case 4
4,Treatment-parent,"X1, X2, X3, X4",4,0.29953363973434527,0.0584024957791507,0.004301989731052609,0.06385678025664639,0.20660818505701437,0.6672326666131012,Case 4
4,Outcome-parent,"X3, X4, X5",3,0.11501674393376982,0.027923899976545468,-0.00835360733699652,0.027555392581935824,0.07039941214165468,0.5135514895113712,Case 4
4,GCI-guided valid,"X3, X4, X5",3,0.11501674393376982,0.027923899976545468,-0.00835360733699652,0.027555392581935824,0.07039941214165468,0.5135514895113712,Case 4
