Case,Adjustment strategy,Adjustment variables,Set size,RMSE MTEF,Bias MTEF mean,MAE MTEF mean
Case 1,No adjustment,--,0,0.278 $\pm$ 0.067,0.13438263054104602,0.22166116739439232
Case 1,All covariates,"X1, X2, X3, X4, X5, X6, X7, X8",8,0.401 $\pm$ 0.050,-0.15644900804835626,0.31017690320039293
Case 1,Root-only,X3,1,0.243 $\pm$ 0.058,-0.02129767396169308,0.15334952351854053
Case 1,Treatment-parent,"X2, X3",2,0.435 $\pm$ 0.126,-0.06622845459188845,0.26166819852011225
Case 1,Outcome-parent,"X4, X5",2,0.140 $\pm$ 0.039,-0.017949157702002026,0.07313047566324425
Case 1,GCI-guided valid,X5,1,0.150 $\pm$ 0.055,-0.02594944616883488,0.0815508576476542
Case 2,No adjustment,--,0,0.519 $\pm$ 0.104,0.17929908771276198,0.34251550961457644
Case 2,All covariates,"X1, X2, X3, X4, X5, X6, X7, X8, X9",9,0.677 $\pm$ 0.068,-0.20963235579554174,0.5619977183010949
Case 2,Root-only,X3,1,0.459 $\pm$ 0.102,-0.0375428918565778,0.25473236837535057
Case 2,Treatment-parent,"X2, X3",2,0.520 $\pm$ 0.111,-0.08990876547509628,0.3043833048778499
Case 2,Outcome-parent,"X6, X7, X8",3,0.601 $\pm$ 0.040,-0.2156602098366572,0.5292125789796218
Case 2,GCI-guided valid,X7,1,0.451 $\pm$ 0.106,-0.06320702829512387,0.23338082441479344
Case 3,No adjustment,--,0,0.257 $\pm$ 0.050,0.15870449228636216,0.2185521841100796
Case 3,All covariates,"X1, X2, X3, X4, X5, X6, X7",7,0.541 $\pm$ 0.069,-0.3094917284424823,0.43724099510281816
Case 3,Root-only,X3,1,0.213 $\pm$ 0.060,-0.028461112929098573,0.12688617332051227
Case 3,Treatment-parent,"X2, X3",2,0.334 $\pm$ 0.078,-0.04353768849373151,0.21329780985828456
Case 3,Outcome-parent,"X4, X5",2,0.125 $\pm$ 0.031,-0.004357795626974668,0.07094058090146717
Case 3,GCI-guided valid,X5,1,0.139 $\pm$ 0.039,-0.007545797949729579,0.07843591334335462
Case 4,No adjustment,--,0,0.538 $\pm$ 0.022,0.5241309264442542,0.531906501497727
Case 4,All covariates,"X1, X2, X3, X4, X5, X6, X7",7,0.303 $\pm$ 0.038,-0.03983230138868068,0.2183298378926554
Case 4,Root-only,"X2, X3, X4",3,0.188 $\pm$ 0.035,-0.0034903235017054264,0.1264122184380908
Case 4,Treatment-parent,"X1, X2, X3, X4",4,0.300 $\pm$ 0.058,0.004301989731052609,0.20660818505701437
Case 4,Outcome-parent,"X3, X4, X5",3,0.115 $\pm$ 0.028,-0.00835360733699652,0.07039941214165468
Case 4,GCI-guided valid,"X3, X4, X5",3,0.115 $\pm$ 0.028,-0.00835360733699652,0.07039941214165468
